id,first_name,last_name,email,gender,ip_address
1,Lorna,Coldbreath,lcoldbreath0@craigslist.org,Female,19.201.18.202
2,Baldwin,Tennison,btennison1@ezinearticles.com,,128.49.135.23
3,Eva,Briat,ebriat2@about.me,Female,179.127.210.43
4,Kingsly,Thamelt,kthamelt3@t-online.de,Male,147.248.238.189
5,Renaldo,Dran,rdran4@blogtalkradio.com,Male,190.226.123.117
6,Shirl,Chicchetto,schicchetto5@mayoclinic.com,Female,240.65.103.57
7,Anjanette,O'Neil,aoneil6@simplemachines.org,Female,56.179.161.147
8,Orelie,Cawsy,ocawsy7@plala.or.jp,Female,143.113.195.5
9,Pascale,Sell,psell8@com.com,Male,212.65.242.166
10,Lesli,Crinion,lcrinion9@mail.ru,Female,86.143.153.151
11,Bron,Backler,bbacklera@independent.co.uk,Male,217.29.123.150
12,Sibylle,Arpino,sarpinob@shinystat.com,Female,152.183.179.117
13,Dukie,Roller,drollerc@dmoz.org,Male,240.77.30.5
14,Aggie,Showen,ashowend@netvibes.com,Female,108.0.62.223
15,Charin,Trembley,ctrembleye@prlog.org,Female,200.53.156.217
16,Ferguson,Sandyfirth,fsandyfirthf@weather.com,Male,110.140.156.36
17,Sybilla,Faircliffe,sfaircliffeg@slideshare.net,,184.185.183.102
18,Yehudit,Vuittet,yvuitteth@sogou.com,,151.117.67.170
19,Stephani,Gotobed,sgotobedi@com.com,Female,177.30.2.13
20,Riordan,Earland,rearlandj@amazon.com,Male,34.116.31.90
21,Codie,Pellingar,cpellingark@samsung.com,Female,59.179.36.55
22,Kaitlyn,Cordle,kcordlel@wisc.edu,Female,32.3.137.177
,Kirsten,Kennerknecht,kkennerknechtm@aol.com,Female,123.10.101.169
24,Olwen,Kingham,okinghamn@so-net.ne.jp,Female,121.49.225.225
25,Fred,Penelli,fpenellio@thetimes.co.uk,Female,226.81.125.244
26,Ferdy,Crose,fcrosep@google.ca,,124.247.195.53
27,Godart,Ewdale,gewdaleq@cnet.com,Male,216.198.99.247
28,Adore,O'Gleasane,aogleasaner@privacy.gov.au,,9.12.242.79
29,Ado,Stiff,astiffs@goo.gl,Male,149.165.180.249
30,Burr,Lapenna,blapennat@netlog.com,Genderqueer,158.217.61.66
31,Linet,Shimon,lshimonu@etsy.com,Female,189.235.53.27
32,Cathi,McLachlan,cmclachlanv@biblegateway.com,Female,114.102.98.32
33,Candi,Teeney,cteeneyw@t-online.de,Female,246.82.188.25
34,Mady,Giles,mgilesx@ox.ac.uk,Female,100.235.12.149
35,Floris,Kenvin,fkenviny@yale.edu,Female,195.30.25.70
36,Hasty,Pimlott,hpimlottz@tmall.com,Male,34.167.20.202
37,Chlo,Cornu,ccornu10@so-net.ne.jp,Female,120.99.240.174
38,Berta,Neylon,bneylon11@spiegel.de,Female,4.46.165.135
39,Lynnea,Sneesby,lsneesby12@jimdo.com,Female,194.199.138.17
40,Mavra,De Carlo,mdecarlo13@webeden.co.uk,Female,50.84.229.115
41,Mireille,Shellcross,mshellcross14@google.de,Female,60.1.146.136
42,Ardith,Frodsam,afrodsam15@soundcloud.com,Female,163.33.100.228
43,Aldous,Gecke,agecke16@prlog.org,Male,144.156.152.242
44,Nancy,Benedite,nbenedite17@sourceforge.net,Female,116.151.49.62
45,Lillis,Katzmann,lkatzmann18@abc.net.au,Female,121.149.101.185
46,Deedee,Edyson,dedyson19@theguardian.com,Polygender,25.216.31.190
47,Marlo,Rountree,mrountree1a@phpbb.com,Female,93.192.176.119
48,Maurice,Kernock,mkernock1b@slideshare.net,Male,77.100.92.132
49,Louie,Groundwater,lgroundwater1c@nsw.gov.au,,72.214.80.237
50,Krissy,Thow,kthow1d@usgs.gov,Female,58.11.200.204
51,Liv,Glitherow,lglitherow1e@cocolog-nifty.com,Female,70.124.73.144
52,Denice,Trundler,dtrundler1f@hibu.com,Female,156.169.97.226
53,Emlyn,Bugdell,ebugdell1g@discuz.net,,9.140.115.49
54,Drud,Ropking,dropking1h@fda.gov,Male,189.249.112.218
55,Kial,Osgarby,kosgarby1i@hostgator.com,Female,65.221.113.131
56,Jerrylee,O'Flaherty,joflaherty1j@tinypic.com,Agender,135.60.191.175
,Shannon,Trayte,strayte1k@fda.gov,Male,66.136.51.66
58,Charlie,Deniset,cdeniset1l@furl.net,Male,254.14.128.98
59,Sax,Learmount,slearmount1m@newsvine.com,,210.110.110.182
60,Boot,Palliser,bpalliser1n@jigsy.com,Male,73.96.121.167
61,Lannie,Gallgher,lgallgher1o@addthis.com,Male,46.233.232.223
62,Ally,Rawlison,arawlison1p@nps.gov,Female,230.190.236.0
63,Jerrie,Messham,jmessham1q@list-manage.com,,92.51.150.18
64,Lorena,Copcote,lcopcote1r@nhs.uk,Female,56.231.7.87
65,Rosita,Capsey,rcapsey1s@bing.com,Female,106.82.229.221
66,Rossy,Smickle,rsmickle1t@w3.org,Male,143.0.164.230
67,Stevy,Basek,sbasek1u@fastcompany.com,Male,23.126.177.11
68,Abraham,Naulls,anaulls1v@stumbleupon.com,Male,202.83.197.228
69,Chelsy,Maryet,cmaryet1w@cafepress.com,Female,181.220.76.64
70,Reuven,Marrable,rmarrable1x@theglobeandmail.com,Male,36.142.207.232
71,Erik,Gettings,egettings1y@parallels.com,Male,56.219.93.182
72,Lars,Orcott,lorcott1z@aboutads.info,Male,47.32.157.233
73,Janet,Crutchley,jcrutchley20@hubpages.com,Female,150.195.245.235
74,Stephannie,Cammomile,scammomile21@exblog.jp,Female,195.228.106.120
75,Eva,Clift,eclift22@chronoengine.com,Female,148.104.254.92
76,Osbourne,Bedson,obedson23@state.tx.us,Male,12.166.230.145
77,Cam,Ashfield,cashfield24@youtu.be,Non-binary,31.71.89.124
78,Rozalin,Pound,rpound25@mtv.com,Female,66.212.14.219
79,Cybill,Letham,cletham26@java.com,Female,18.212.242.152
80,Lib,Zukerman,lzukerman27@linkedin.com,Female,240.203.203.198
81,Hale,Gemeau,hgemeau28@newsvine.com,Male,75.152.251.145
82,Arvin,MacCorkell,amaccorkell29@reverbnation.com,Male,243.111.12.61
83,Aleda,Giamelli,agiamelli2a@friendfeed.com,Female,34.210.68.7
84,Boycie,Wanklyn,bwanklyn2b@cdbaby.com,Male,107.187.74.91
85,Lanie,Moger,lmoger2c@dyndns.org,Female,196.246.212.124
86,Becki,Fulloway,bfulloway2d@jimdo.com,,23.35.147.25
87,Arman,Daltrey,adaltrey2e@indiegogo.com,Male,250.127.164.193
88,Anders,Gaskarth,agaskarth2f@state.tx.us,Male,203.207.215.17
89,Mellicent,McMurtyr,mmcmurtyr2g@people.com.cn,Female,253.21.154.215
90,Deny,Mathews,dmathews2h@mac.com,,184.92.141.187
91,Cos,Farrar,cfarrar2i@toplist.cz,Male,239.211.238.179
92,Suzann,O'Heneghan,soheneghan2j@desdev.cn,Female,202.36.97.235
93,Melicent,Guilloton,mguilloton2k@independent.co.uk,Female,248.246.62.157
94,Wade,Edmunds,wedmunds2l@mapy.cz,Male,92.77.19.33
95,Frederic,Lampe,flampe2m@wikipedia.org,Male,152.108.20.53
96,Evvie,Ing,eing2n@flickr.com,Female,223.128.239.49
97,Hendrik,Middle,hmiddle2o@livejournal.com,Male,153.244.124.99
98,Ase,Mulderrig,amulderrig2p@google.com.br,Male,238.225.16.100
99,Wilie,Rhys,wrhys2q@weibo.com,,80.255.52.99
100,Kristina,Lindblad,klindblad2r@tmall.com,Female,31.244.91.251
101,Dominica,Biskupiak,dbiskupiak2s@fotki.com,Female,213.170.15.109
102,Jard,Fincken,jfincken2t@weather.com,Male,196.145.23.252
103,Lewie,Madgwich,lmadgwich2u@go.com,Male,216.162.220.74
104,Eric,Sharpless,esharpless2v@skyrock.com,Male,22.7.67.194
,Rick,Stetlye,rstetlye2w@patch.com,Male,122.202.9.169
106,Daven,Humberstone,dhumberstone2x@msn.com,,201.163.6.224
107,Araldo,Choules,achoules2y@xrea.com,Male,95.42.182.246
,Antoinette,Dankov,adankov2z@sun.com,Female,187.201.16.102
109,Tremayne,Lowerson,tlowerson30@auda.org.au,Male,63.154.58.200
110,Clem,Parken,cparken31@linkedin.com,Female,159.167.190.4
111,Zelig,Govan,zgovan32@ning.com,Male,7.122.22.1
112,Jayme,Kindell,jkindell33@google.ru,,0.163.198.94
113,Alta,Schollar,aschollar34@ocn.ne.jp,Female,60.112.53.88
114,Dwight,MacLaughlin,dmaclaughlin35@si.edu,Male,115.59.163.127
115,Maribeth,Patrie,mpatrie36@technorati.com,Female,62.100.109.172
116,Ginny,Caso,gcaso37@microsoft.com,,215.213.95.64
,Gillie,Bonnesen,gbonnesen38@hatena.ne.jp,Female,159.211.31.143
118,Marrissa,Toplis,mtoplis39@google.nl,,88.232.154.143
119,Nan,Seint,nseint3a@blogger.com,Female,95.12.255.54
120,Thain,Gaskarth,tgaskarth3b@webmd.com,Male,112.200.16.99
121,Nobe,Bruckmann,nbruckmann3c@springer.com,Male,231.105.3.47
122,Denver,Astley,dastley3d@trellian.com,Male,250.67.94.209
123,Nicolina,Bloschke,nbloschke3e@cornell.edu,Female,142.62.12.193
124,Belicia,Jotcham,bjotcham3f@dailymail.co.uk,Bigender,46.96.80.214
125,Vilma,Folomin,vfolomin3g@seattletimes.com,Female,212.168.115.125
126,Laurence,Jorin,ljorin3h@ucoz.ru,Male,30.38.101.239
127,Maisie,Shaw,mshaw3i@imgur.com,Female,120.162.149.139
128,Eddi,Bodycombe,ebodycombe3j@g.co,Female,56.163.122.120
129,Joelly,Enston,jenston3k@time.com,Female,148.152.47.176
130,Garald,Karet,gkaret3l@usda.gov,Male,36.231.231.97
131,Morgan,Weavers,mweavers3m@gov.uk,Male,127.189.2.118
132,Alfred,Harwood,aharwood3n@tinypic.com,Male,97.163.101.107
133,Dewie,Hutchens,dhutchens3o@flickr.com,Male,53.170.29.160
134,Hoebart,MacCrann,hmaccrann3p@msu.edu,Genderfluid,161.106.106.218
135,Jess,Cuncliffe,jcuncliffe3q@ihg.com,Female,222.78.48.187
136,Sheela,Workes,sworkes3r@blogger.com,Female,148.243.221.226
137,Fabio,Joppich,fjoppich3s@netlog.com,,23.47.65.105
138,Darrick,Shreeves,dshreeves3t@google.nl,,201.178.189.159
139,Nertie,Foyle,nfoyle3u@weibo.com,,27.218.177.213
140,Dal,MacNeillie,dmacneillie3v@smh.com.au,Male,62.29.98.63
141,Claretta,Zealey,czealey3w@omniture.com,Female,197.28.91.193
142,Meredeth,Mathelin,mmathelin3x@businessinsider.com,Male,128.228.206.255
143,Tiphany,Kuhnt,tkuhnt3y@friendfeed.com,Female,60.53.209.30
144,Pia,Ommanney,pommanney3z@cbslocal.com,Female,83.184.176.131
145,Elwyn,Braley,ebraley40@domainmarket.com,Male,64.24.77.248
146,Clyde,Tirrell,ctirrell41@last.fm,Male,157.129.238.137
147,Jeanelle,Carnilian,jcarnilian42@nymag.com,,60.110.34.230
,Garvy,MacMeeking,gmacmeeking43@nhs.uk,Male,126.67.26.247
149,Elroy,Toffolo,etoffolo44@ucoz.ru,Non-binary,7.243.105.127
150,Amandi,Colicot,acolicot45@reddit.com,Female,219.162.161.249
151,Vance,Downton,vdownton46@wsj.com,Male,254.229.170.181
152,Kimbell,Kolushev,kkolushev47@dropbox.com,Male,82.68.40.206
,Brandais,Meneux,bmeneux48@weebly.com,Female,80.17.148.9
154,Odille,Jurs,ojurs49@economist.com,Female,185.103.175.77
155,Jed,Dowse,jdowse4a@nps.gov,Male,74.73.166.115
156,Klarika,Domm,kdomm4b@dion.ne.jp,,187.153.113.69
157,Barbabra,Margetson,bmargetson4c@bloglines.com,Female,178.195.166.28
158,Goldarina,Ralestone,gralestone4d@amazon.de,Female,60.186.85.123
159,Kimbell,Wodeland,kwodeland4e@yellowpages.com,Male,109.137.135.222
160,Carolyn,Girdlestone,cgirdlestone4f@ow.ly,Female,68.27.81.34
161,Valma,Solomonides,vsolomonides4g@barnesandnoble.com,Female,175.83.48.41
162,Pasquale,Lansbury,plansbury4h@flickr.com,Male,141.23.80.52
163,Alene,Binning,abinning4i@bravesites.com,Female,240.247.164.190
164,Baldwin,Meers,bmeers4j@seattletimes.com,Male,167.60.130.207
,Kamila,Fairlaw,kfairlaw4k@mozilla.com,Female,122.53.252.73
166,Nikkie,Towler,ntowler4l@bluehost.com,Female,111.79.164.11
167,Riobard,Trownson,rtrownson4m@google.de,Male,147.25.133.22
,Ruddie,Morigan,rmorigan4n@icio.us,Male,61.24.5.83
169,Amye,Bruno,abruno4o@moonfruit.com,,1.23.23.162
170,Berti,Bean,bbean4p@disqus.com,Genderfluid,95.76.104.182
171,Trina,Beedie,tbeedie4q@nytimes.com,Female,241.166.192.7
,Fidole,Cicetti,fcicetti4r@hibu.com,Male,156.113.235.123
173,Russell,Buttle,rbuttle4s@sogou.com,,118.212.229.212
174,Bunny,Tavernor,btavernor4t@chronoengine.com,Female,110.150.64.239
175,Vittorio,Wakeford,vwakeford4u@google.com.hk,Male,105.29.233.101
176,Ruddie,Smithend,rsmithend4v@163.com,Male,28.240.77.42
177,Klemens,Bartali,kbartali4w@so-net.ne.jp,Male,130.231.61.160
178,Pryce,Milham,pmilham4x@hugedomains.com,Male,67.161.51.138
179,Vera,Delph,vdelph4y@dmoz.org,Female,76.178.48.133
180,Benyamin,Handrek,bhandrek4z@prweb.com,Male,114.55.21.97
181,Courtnay,Face,cface50@eventbrite.com,Female,232.220.194.45
182,Gardy,Nisuis,gnisuis51@ustream.tv,Male,145.238.63.252
183,Cooper,Liggons,cliggons52@free.fr,Male,47.104.0.228
184,Tiebout,Elliston,telliston53@123-reg.co.uk,Male,97.215.32.168
185,Bee,Heifer,bheifer54@prweb.com,Female,184.126.248.131
186,Brody,Joselson,bjoselson55@multiply.com,,115.98.145.230
187,Edik,Franchi,efranchi56@instagram.com,Male,11.191.67.50
188,Minnnie,Grzesiewicz,mgrzesiewicz57@qq.com,Female,172.158.147.111
189,Thornton,Besque,tbesque58@cargocollective.com,Male,124.60.85.235
190,Sheelah,Scurrer,sscurrer59@google.com,Female,35.143.190.35
191,Lazare,Millan,lmillan5a@salon.com,Male,94.215.157.213
192,Cordi,Kowalik,ckowalik5b@bbc.co.uk,Female,171.18.109.191
193,Otis,MacEvilly,omacevilly5c@fastcompany.com,Male,71.146.206.184
194,Cherey,Bearcock,cbearcock5d@t-online.de,Genderfluid,10.251.7.232
195,Syman,Persence,spersence5e@ameblo.jp,Male,78.191.238.185
196,Bord,Jeduch,bjeduch5f@liveinternet.ru,Male,204.188.110.175
197,Tracy,Ricci,tricci5g@instagram.com,Male,110.140.131.238
198,Benedikta,Melson,bmelson5h@printfriendly.com,Female,71.105.133.21
199,Darice,Snawden,dsnawden5i@uol.com.br,Female,20.245.209.219
200,Nikki,Cowperthwaite,ncowperthwaite5j@domainmarket.com,Male,142.79.219.230
201,Creight,Batistelli,cbatistelli5k@disqus.com,Male,14.59.72.232
202,Minnie,Van der Krui,mvanderkrui5l@dion.ne.jp,Female,137.156.89.98
203,Delores,Crocket,dcrocket5m@cbsnews.com,Female,124.44.249.125
204,Jobye,Curbishley,jcurbishley5n@slate.com,Female,45.145.239.203
,Jolene,Danilenko,jdanilenko5o@gizmodo.com,Female,59.29.126.34
206,Addison,Houlaghan,ahoulaghan5p@berkeley.edu,Male,140.32.133.48
207,Adele,Purchase,apurchase5q@sphinn.com,,62.141.29.112
208,Tull,Hocking,thocking5r@ed.gov,Male,66.145.158.71
209,Delly,Treleven,dtreleven5s@illinois.edu,Female,243.100.94.109
210,Barrie,Rudsdale,brudsdale5t@geocities.com,Male,246.228.247.116
211,Alex,Wyldbore,awyldbore5u@upenn.edu,,116.211.139.2
212,Shane,Westoff,swestoff5v@nasa.gov,Polygender,176.132.7.243
213,Estele,Langdon,elangdon5w@walmart.com,Female,126.139.200.176
214,Adams,Andrioletti,aandrioletti5x@oaic.gov.au,Male,1.228.78.187
215,Cletus,Mourton,cmourton5y@wikia.com,Male,12.154.6.28
216,Sella,Utton,sutton5z@google.com.hk,Female,173.13.119.218
217,Germain,Langlois,glanglois60@mapy.cz,Female,87.119.39.22
218,Lizzie,Andrelli,landrelli61@bizjournals.com,Female,61.9.6.1
219,Dell,Accombe,daccombe62@sourceforge.net,,158.138.22.189
,Orland,Frohock,ofrohock63@multiply.com,Male,42.61.229.135
221,Verna,Darleston,vdarleston64@comcast.net,,61.255.211.215
,Gamaliel,Demeter,gdemeter65@rambler.ru,Male,111.204.84.66
223,Waite,Leversuch,wleversuch66@mac.com,Male,23.80.38.79
224,Ursola,Dearman,udearman67@engadget.com,Female,228.180.131.252
225,Carlen,Shickle,cshickle68@example.com,Female,128.189.155.202
226,Elianora,Chisolm,echisolm69@ameblo.jp,Polygender,31.101.168.225
227,Felizio,Gledhall,fgledhall6a@usa.gov,,99.101.12.131
228,Beth,Westerman,bwesterman6b@nyu.edu,Female,194.243.236.225
229,Lorena,Courtney,lcourtney6c@desdev.cn,Female,194.71.136.152
230,Marlin,Freckleton,mfreckleton6d@house.gov,Male,46.187.45.181
231,Stefa,Jiru,sjiru6e@w3.org,Female,148.84.246.184
232,Sheba,Seldner,sseldner6f@state.tx.us,Female,51.211.93.21
233,Northrop,Ingerfield,ningerfield6g@skype.com,Male,236.44.99.93
234,Torr,Gourdon,tgourdon6h@sina.com.cn,Male,132.150.214.32
,Rodi,Manoelli,rmanoelli6i@slate.com,,156.227.102.129
236,Zsa zsa,Haward,zhaward6j@sogou.com,Female,2.175.212.181
237,Fulvia,Roxburch,froxburch6k@seesaa.net,,144.129.130.10
,Cordelia,Wailes,cwailes6l@abc.net.au,Female,158.145.168.91
239,Betty,Blakes,bblakes6m@wufoo.com,,79.207.182.186
240,Jozef,Housecraft,jhousecraft6n@nbcnews.com,Male,17.103.65.184
241,Belva,Habishaw,bhabishaw6o@tiny.cc,,231.159.142.77
242,Terencio,Abrahmson,tabrahmson6p@state.tx.us,Male,111.202.217.242
243,Sutherlan,Satch,ssatch6q@noaa.gov,Male,120.11.160.122
244,Shandee,Paulton,spaulton6r@princeton.edu,Female,104.13.79.173
245,Suzie,Usher,susher6s@seattletimes.com,Female,11.204.87.133
246,Spense,Duckitt,sduckitt6t@unesco.org,Male,195.29.116.235
247,Debor,Bondar,dbondar6u@netscape.com,Female,228.55.99.90
248,Natassia,Piercey,npiercey6v@reuters.com,Female,37.184.107.117
249,Gene,Jedrzejewicz,gjedrzejewicz6w@reference.com,,177.167.243.209
250,Dean,Temporal,dtemporal6x@diigo.com,,142.175.206.184
251,Heida,Cuerdall,hcuerdall6y@squidoo.com,Female,47.132.243.233
,Henry,Guerola,hguerola6z@gnu.org,Male,39.97.230.179
253,Antonius,Shale,ashale70@slashdot.org,Male,238.70.12.190
254,Hector,McMullen,hmcmullen71@tmall.com,Male,166.152.184.100
255,Ellsworth,Brotherton,ebrotherton72@mysql.com,,114.139.211.169
256,Barry,Sedgeman,bsedgeman73@storify.com,Male,165.96.247.98
257,Haslett,Ors,hors74@hexun.com,Male,41.229.183.135
258,Alla,Ruttgers,aruttgers75@icio.us,Female,169.201.197.66
,Ky,Tunnick,ktunnick76@paginegialle.it,Male,81.55.50.127
260,Darla,Worham,dworham77@discovery.com,,154.212.251.111
261,Iseabal,Windeatt,iwindeatt78@theglobeandmail.com,,62.51.163.74
262,Dunn,Eddison,deddison79@phpbb.com,,153.65.55.56
263,Joella,Cato,jcato7a@dmoz.org,,160.195.241.225
264,Worden,Leate,wleate7b@nytimes.com,,86.182.211.157
265,Edward,Rowlinson,erowlinson7c@google.pl,Male,254.249.184.11
266,Melli,Ridesdale,mridesdale7d@51.la,Female,254.139.228.186
267,Mercedes,Blues,mblues7e@yahoo.com,Female,94.208.231.32
268,Fayre,Blackman,fblackman7f@soup.io,,241.101.94.6
269,Pearl,Klimschak,pklimschak7g@usatoday.com,Female,147.182.176.191
270,Lorelei,Kattenhorn,lkattenhorn7h@cargocollective.com,,185.161.137.178
271,Rickey,Dmisek,rdmisek7i@google.com,Male,178.9.148.82
,Paulie,Leroux,pleroux7j@kickstarter.com,,186.136.213.199
273,Betty,Placstone,bplacstone7k@squarespace.com,Agender,202.74.85.130
274,Carena,Izkovitz,cizkovitz7l@ca.gov,Female,218.18.216.169
275,Bran,Melsom,bmelsom7m@cocolog-nifty.com,Male,97.196.155.230
276,Melly,Trevett,mtrevett7n@sciencedaily.com,Female,250.167.230.169
277,Ermanno,Ryle,eryle7o@fda.gov,,81.9.154.51
,Sonnie,Leveret,sleveret7p@tinyurl.com,Female,32.42.124.59
279,Enos,Chevis,echevis7q@tuttocitta.it,Male,138.97.165.46
280,Hammad,Revie,hrevie7r@arizona.edu,,0.164.69.249
281,Beverie,Callan,bcallan7s@berkeley.edu,Polygender,151.216.216.1
282,Lammond,Olford,lolford7t@delicious.com,Male,239.92.170.182
283,Hermine,Binestead,hbinestead7u@ezinearticles.com,Female,166.148.36.79
,Chrotoem,Nickols,cnickols7v@cbc.ca,,100.60.185.227
285,Shane,Danher,sdanher7w@bloomberg.com,Female,131.78.153.189
286,Almira,Lorinez,alorinez7x@reuters.com,,48.112.183.0
287,Leonidas,Babbe,lbabbe7y@hp.com,Male,185.7.210.192
288,Floria,Santacrole,fsantacrole7z@youtu.be,Female,0.140.31.169
289,Rebekah,Reboul,rreboul80@hugedomains.com,Female,179.71.204.136
290,Kay,Fance,kfance81@de.vu,,74.93.240.176
291,Ardeen,Janeway,ajaneway82@narod.ru,,179.0.243.223
292,Giustino,Iacopo,giacopo83@sciencedirect.com,,86.75.100.231
293,Kikelia,Tzar,ktzar84@wordpress.org,Female,8.4.5.96
294,Michale,Vaudrey,mvaudrey85@bloglovin.com,,227.4.45.203
295,Yank,Lampel,ylampel86@washington.edu,Male,202.228.148.169
296,Dilly,Chasteau,dchasteau87@acquirethisname.com,Male,134.69.19.199
297,Inger,Kettow,ikettow88@dailymail.co.uk,Female,33.181.174.17
298,Perle,Jaulme,pjaulme89@woothemes.com,Female,152.84.193.91
299,Bink,Quiddihy,bquiddihy8a@sakura.ne.jp,Male,152.35.111.56
300,Adam,Allwright,aallwright8b@earthlink.net,Male,8.251.243.59
301,Petronilla,Willshear,pwillshear8c@mashable.com,Female,248.58.229.186
302,Doyle,Gergus,dgergus8d@qq.com,Male,162.176.125.74
303,Agathe,Witten,awitten8e@mapquest.com,Female,151.143.174.220
304,Clarke,Helsdon,chelsdon8f@independent.co.uk,Male,174.246.229.111
305,Winnifred,Meuse,wmeuse8g@shop-pro.jp,Female,87.62.72.129
306,Dinah,Ducaen,dducaen8h@scientificamerican.com,Female,226.159.22.66
307,Frederique,Abel,fabel8i@ask.com,Female,155.162.184.81
308,Gannon,Spawforth,gspawforth8j@rediff.com,Male,123.79.113.102
,Silvano,Wayper,swayper8k@amazon.co.uk,Male,184.251.110.130
310,Bronson,Parkin,bparkin8l@networksolutions.com,Male,209.213.241.85
311,Gertrude,Robinette,grobinette8m@deliciousdays.com,Female,213.208.37.43
312,Inessa,D'Antonio,idantonio8n@admin.ch,,11.210.36.32
313,Dory,De Vaar,ddevaar8o@squidoo.com,Genderfluid,55.7.189.40
314,Indira,Rydeard,irydeard8p@123-reg.co.uk,Female,149.186.19.76
315,Marietta,Cowpertwait,mcowpertwait8q@flickr.com,Male,70.187.113.125
316,Carline,Starmont,cstarmont8r@clickbank.net,Female,242.202.136.153
,Klaus,Jervois,kjervois8s@loc.gov,Male,19.51.16.214
318,Junie,Bowdery,jbowdery8t@over-blog.com,Female,132.163.170.151
319,Isaiah,Beresfore,iberesfore8u@cnet.com,,133.182.249.78
320,Anjanette,Paulitschke,apaulitschke8v@blogger.com,Female,1.43.1.158
321,Pauline,Migheli,pmigheli8w@skyrock.com,Female,220.130.78.105
322,Ursulina,Seavers,useavers8x@engadget.com,Female,116.10.97.61
323,Lorianna,Prattington,lprattington8y@forbes.com,,83.185.44.169
324,Frank,Sotheron,fsotheron8z@hp.com,Female,124.135.207.23
,Blayne,Kiddell,bkiddell90@ucla.edu,,142.66.228.161
326,Corette,Cobelli,ccobelli91@usa.gov,Female,72.72.91.16
327,Elvyn,McKague,emckague92@dyndns.org,Male,136.22.154.142
328,Florri,Challiner,fchalliner93@digg.com,Female,1.8.200.81
329,Eveleen,Esley,eesley94@unc.edu,Female,167.189.160.146
330,Susy,Curgenuer,scurgenuer95@desdev.cn,Female,209.242.132.165
331,Carlyn,Devereu,cdevereu96@amazon.com,Female,29.49.175.229
332,Nikolos,Cowthard,ncowthard97@newyorker.com,Male,103.249.102.186
333,Francene,Batchelar,fbatchelar98@xing.com,Female,125.190.161.138
334,Nappy,Armatidge,narmatidge99@freewebs.com,Male,47.34.74.7
335,Michal,Aucott,maucott9a@joomla.org,Female,101.37.216.202
336,Westbrook,Bollans,wbollans9b@seesaa.net,Male,99.234.153.6
337,Othello,Ratter,oratter9c@ebay.com,Male,222.47.45.178
338,Fay,Moxom,fmoxom9d@europa.eu,Female,57.42.203.108
339,Charmion,Chasmor,cchasmor9e@discovery.com,Female,229.97.113.64
340,Salomone,Arias,sarias9f@ocn.ne.jp,,34.157.113.18
341,Daisi,Tresise,dtresise9g@uiuc.edu,,38.69.105.137
342,Kelila,Cosgry,kcosgry9h@squidoo.com,Female,61.16.83.231
343,Ludovico,Auty,lauty9i@t.co,,163.129.114.182
344,Rockie,Adair,radair9j@so-net.ne.jp,,3.174.227.59
,Allegra,Sadat,asadat9k@shinystat.com,Female,226.169.73.162
346,Gunter,Hearnes,ghearnes9l@de.vu,Male,78.39.119.217
347,Lita,Hawkes,lhawkes9m@nifty.com,Female,147.137.233.189
348,Orbadiah,Denver,odenver9n@techcrunch.com,Male,152.240.215.91
349,Sheba,Boland,sboland9o@tamu.edu,,139.153.44.39
350,Ripley,Fardo,rfardo9p@google.com,Male,37.178.51.54
351,Loreen,Whitfield,lwhitfield9q@t-online.de,Female,78.45.195.91
352,Blake,Reynoollds,breynoollds9r@smh.com.au,Female,229.233.92.229
353,Chelsey,Tuppeny,ctuppeny9s@sina.com.cn,Female,125.244.82.203
354,Kelly,Peerless,kpeerless9t@unc.edu,Male,255.214.187.150
355,Gwendolin,Bowcher,gbowcher9u@de.vu,Genderfluid,40.74.145.175
356,Odo,Matveyev,omatveyev9v@fda.gov,Male,238.118.51.92
357,Stephanie,Dumingos,sdumingos9w@jigsy.com,Female,6.133.12.2
358,Fredek,Jenkins,fjenkins9x@studiopress.com,Male,39.217.100.82
359,Ernesto,Hugo,ehugo9y@dyndns.org,Male,68.244.187.214
360,Bail,Arber,barber9z@wordpress.org,Male,70.47.1.215
361,Beale,Elcombe,belcombea0@bbb.org,Male,114.153.137.157
362,Brooks,Gadie,bgadiea1@redcross.org,Male,97.87.175.114
363,Maddalena,Rallings,mrallingsa2@taobao.com,Non-binary,83.76.68.117
364,Graehme,Poytress,gpoytressa3@skype.com,Male,173.253.158.31
365,Beltran,Neate,bneatea4@cbslocal.com,,124.69.112.174
366,Boyce,Seymer,bseymera5@issuu.com,Male,88.212.212.68
367,Brantley,Eles,belesa6@1688.com,Male,139.52.253.41
368,Aldis,Russan,arussana7@flavors.me,Male,216.240.54.133
369,Jerrine,Grombridge,jgrombridgea8@twitter.com,,184.181.14.180
370,Torin,Hillett,thilletta9@github.com,Genderqueer,43.2.9.248
371,Timmie,Lembcke,tlembckeaa@123-reg.co.uk,Genderqueer,128.113.72.58
372,Osmond,Ivannikov,oivannikovab@economist.com,,53.152.51.43
373,Sandy,Antonioni,santonioniac@tiny.cc,Female,38.196.166.161
374,Sol,Redish,sredishad@facebook.com,Male,247.242.176.137
375,Mady,MacMearty,mmacmeartyae@va.gov,Female,104.88.113.9
,Che,Gilvary,cgilvaryaf@reference.com,Male,137.241.61.91
377,Michelina,Ruggen,mruggenag@usda.gov,Female,133.70.92.7
,Anjela,Endle,aendleah@chronoengine.com,,88.201.194.173
379,Maia,Dorton,mdortonai@is.gd,Female,231.27.18.86
380,Carolann,MacKessock,cmackessockaj@list-manage.com,Female,206.108.119.55
381,Archibold,Chadbourne,achadbourneak@ifeng.com,Male,44.79.163.23
382,Adler,Tonkes,atonkesal@ask.com,Male,53.196.251.45
383,Randi,Whear,rwhearam@prweb.com,Male,44.17.164.144
384,Devondra,Mountain,dmountainan@feedburner.com,Agender,139.105.236.123
385,Amalia,Leddie,aleddieao@behance.net,,157.32.178.30
386,Fitzgerald,Le febre,flefebreap@google.pl,Male,13.129.105.40
387,Emmalee,Dreakin,edreakinaq@drupal.org,,110.133.78.245
,Jan,Deam,jdeamar@altervista.org,,175.67.206.220
,Cristabel,Rawood,crawoodas@marketwatch.com,,87.227.160.75
390,Nathanil,Greed,ngreedat@businesswire.com,Male,68.230.97.10
391,Fleming,Oddy,foddyau@harvard.edu,Male,229.105.171.16
392,Sonnnie,Dalgardno,sdalgardnoav@wp.com,Female,71.14.74.150
393,Margareta,Wyard,mwyardaw@w3.org,Female,98.192.73.65
394,Jacklyn,Boughen,jboughenax@behance.net,Genderqueer,210.236.96.37
395,Isabel,Pattlel,ipattlelay@cnn.com,Female,183.19.24.59
396,Bryce,Joannet,bjoannetaz@shinystat.com,Male,239.85.6.27
397,Cherey,Shurey,cshureyb0@economist.com,Female,117.46.43.62
398,Henka,Hakonsen,hhakonsenb1@businessinsider.com,Female,89.247.146.85
399,Giusto,Bemrose,gbemroseb2@deliciousdays.com,Genderqueer,119.75.251.71
400,Grange,Hopfer,ghopferb3@nsw.gov.au,Male,153.226.97.135
401,Walther,Novik,wnovikb4@reference.com,Male,126.208.229.168
402,Lisha,Kadwallider,lkadwalliderb5@drupal.org,Female,36.46.9.97
403,Pamelina,Muscroft,pmuscroftb6@studiopress.com,Female,101.232.155.87
404,Abelard,Corrison,acorrisonb7@weebly.com,Male,119.231.196.188
405,Marcile,Fehner,mfehnerb8@com.com,Female,16.43.137.55
406,Betteann,Cuttler,bcuttlerb9@springer.com,Female,191.130.253.83
407,Sascha,O'Sesnane,sosesnaneba@indiatimes.com,,80.11.54.48
,Warde,Cavill,wcavillbb@reddit.com,Male,181.236.10.246
409,Jay,Shoveller,jshovellerbc@senate.gov,Male,19.39.40.95
410,Sue,Hillan,shillanbd@sourceforge.net,Female,162.240.242.33
411,Scarlett,Valintine,svalintinebe@slashdot.org,Female,239.135.51.39
412,Jessey,St Louis,jstlouisbf@shareasale.com,Male,223.179.130.28
413,Sascha,Radbond,sradbondbg@weibo.com,Female,180.166.28.11
414,Robinia,Keeble,rkeeblebh@digg.com,,166.237.97.142
415,Ronna,Harvett,rharvettbi@salon.com,Genderqueer,210.130.63.19
416,Shurwood,Bracken,sbrackenbj@patch.com,,91.124.77.255
417,Florian,Pladen,fpladenbk@mlb.com,Male,201.120.31.124
418,Merline,Fronks,mfronksbl@prweb.com,,31.30.161.244
419,Susana,Ordish,sordishbm@dropbox.com,Female,43.94.143.104
420,Bobbe,McTurk,bmcturkbn@narod.ru,Female,16.162.79.65
421,Morganica,Gummary,mgummarybo@soup.io,Non-binary,186.89.109.180
422,Sebastian,Crompton,scromptonbp@smh.com.au,,230.240.214.29
423,Micheil,Sellens,msellensbq@sina.com.cn,Male,102.193.47.249
424,Cortney,Fransewich,cfransewichbr@jalbum.net,,152.176.77.25
425,Royall,Grimsey,rgrimseybs@dell.com,Male,103.103.71.159
426,Ewart,Woolston,ewoolstonbt@usgs.gov,Male,1.86.137.210
427,Pierre,Dumingo,pdumingobu@youku.com,Male,113.133.48.29
428,Wye,Avrasin,wavrasinbv@cdbaby.com,Male,237.98.63.60
429,Thomasina,Divall,tdivallbw@huffingtonpost.com,,215.119.255.30
430,Emmeline,Gligori,egligoribx@census.gov,,190.10.125.81
431,Terence,Zambonini,tzamboniniby@economist.com,Male,70.197.115.67
432,Dinah,Hofner,dhofnerbz@cyberchimps.com,,23.94.221.250
433,Elnar,Bohman,ebohmanc0@virginia.edu,Polygender,1.48.128.245
434,Allan,Mcwhinney,amcwhinneyc1@ezinearticles.com,Male,153.207.91.185
435,Leonore,Washtell,lwashtellc2@mapquest.com,Agender,92.31.89.142
436,Raquel,Iacovucci,riacovuccic3@wisc.edu,Female,140.49.7.97
437,Farley,Chalcroft,fchalcroftc4@umich.edu,Polygender,171.210.83.198
438,Kaine,Grassett,kgrassettc5@biblegateway.com,Male,240.135.107.134
439,Saxon,Dumbar,sdumbarc6@harvard.edu,Male,175.100.22.130
440,Archambault,Janicijevic,ajanicijevicc7@unicef.org,Male,137.125.228.193
441,Onida,Cyster,ocysterc8@utexas.edu,Female,246.58.217.250
442,Arielle,Weems,aweemsc9@upenn.edu,Female,199.186.13.169
443,Arty,Klassmann,aklassmannca@domainmarket.com,Male,62.67.139.132
444,Elden,Stockhill,estockhillcb@lulu.com,,231.123.246.208
445,Haily,Gorner,hgornercc@woothemes.com,Male,250.45.168.116
446,Dar,Gosz,dgoszcd@cnn.com,Male,34.41.206.145
447,Del,Throughton,dthroughtonce@angelfire.com,Male,13.124.125.239
448,Lesya,O'Grady,logradycf@latimes.com,,201.145.217.177
449,Dareen,Gres,dgrescg@engadget.com,,60.90.152.194
450,Dev,Attarge,dattargech@lulu.com,Male,112.235.180.124
451,Marleen,Broom,mbroomci@bravesites.com,,13.107.226.123
452,Marigold,Oakshott,moakshottcj@bloglines.com,Agender,116.219.99.93
453,Ramsay,Fireman,rfiremanck@mysql.com,Male,216.218.134.9
454,Lenci,McCafferty,lmccaffertycl@patch.com,Agender,236.159.241.198
455,Cammy,Lofts,cloftscm@businessweek.com,Male,144.112.221.238
456,Kathrine,Hobson,khobsoncn@springer.com,Female,80.243.157.64
457,Selia,Longcaster,slongcasterco@yellowpages.com,Female,246.2.228.145
458,Tessy,Tortice,ttorticecp@biglobe.ne.jp,,5.113.162.18
459,Beverie,Fogarty,bfogartycq@spotify.com,,18.226.151.189
460,Emilio,Lowy,elowycr@nymag.com,Agender,184.190.15.18
461,Avictor,Tremelling,atremellingcs@paypal.com,Male,62.54.153.155
462,Cass,Floyed,cfloyedct@trellian.com,Female,198.15.53.47
463,Babs,Lanfare,blanfarecu@cmu.edu,Genderfluid,245.99.63.115
464,Junia,McAndrew,jmcandrewcv@bravesites.com,Female,193.97.213.90
465,Afton,Wetwood,awetwoodcw@va.gov,Female,122.207.199.245
,Josee,Swepson,jswepsoncx@stanford.edu,Female,173.70.160.188
467,Cleopatra,Lamyman,clamymancy@clickbank.net,,80.234.201.80
468,Latrina,Pim,lpimcz@google.nl,,224.117.200.250
469,Krishna,Stearnes,kstearnesd0@wikia.com,Male,0.43.60.115
470,Mufi,Linn,mlinnd1@xing.com,Female,93.75.58.26
471,Greta,Marjanski,gmarjanskid2@pagesperso-orange.fr,Female,199.33.219.17
472,Taylor,Winkle,twinkled3@unc.edu,,246.132.60.57
473,Dollie,Tailour,dtailourd4@usatoday.com,Female,176.25.106.137
474,Rubie,Conry,rconryd5@yellowbook.com,,150.204.240.215
475,Natalie,Boggas,nboggasd6@hud.gov,Female,178.154.165.93
476,Maurene,Kropp,mkroppd7@washington.edu,Female,137.255.186.94
477,Karlis,Giannini,kgianninid8@bluehost.com,Male,57.104.172.83
478,Cheston,Chupin,cchupind9@ocn.ne.jp,Male,133.198.90.21
479,Davina,Stilwell,dstilwellda@ox.ac.uk,Female,161.51.144.78
480,Monica,Bleakley,mbleakleydb@nyu.edu,Female,167.174.124.70
481,Bo,Bullcock,bbullcockdc@amazon.co.jp,Male,50.187.163.229
482,Immanuel,Chinn,ichinndd@sina.com.cn,,38.77.235.40
483,Caterina,Jacqueminet,cjacqueminetde@businessinsider.com,Genderqueer,227.190.117.212
,Wilmette,Bramelt,wbrameltdf@dion.ne.jp,Agender,128.189.179.186
485,Jodee,Tennison,jtennisondg@webnode.com,Genderqueer,97.151.2.22
486,Estevan,Patel,epateldh@stanford.edu,Male,173.5.67.242
487,Kaitlynn,Beumant,kbeumantdi@un.org,Female,49.178.107.7
488,Reba,Demeter,rdemeterdj@rediff.com,Female,139.154.231.85
489,Marjie,Oxburgh,moxburghdk@mozilla.com,Female,113.35.131.121
490,Starlin,Mantz,smantzdl@yahoo.co.jp,Female,175.167.114.209
491,Dante,Kornel,dkorneldm@over-blog.com,Male,66.208.60.173
492,Pace,Flavelle,pflavelledn@npr.org,Male,106.124.171.188
493,Leonard,Whipple,lwhippledo@constantcontact.com,Male,163.150.75.206
494,Lemar,Allam,lallamdp@patch.com,Male,212.158.142.62
495,Whittaker,Fullard,wfullarddq@skype.com,,142.168.235.201
496,Leticia,Buzzing,lbuzzingdr@blog.com,Female,84.19.1.173
,Dorice,Halewood,dhalewoodds@wordpress.org,,22.218.15.55
498,Malina,Hughes,mhughesdt@time.com,Female,232.53.151.33
499,Alfonse,Velden,aveldendu@plala.or.jp,Male,97.60.18.94
500,Gardy,Paske,gpaskedv@wiley.com,Male,192.67.72.232
501,Holt,Voss,hvossdw@topsy.com,Male,30.110.232.206
502,Tiffanie,Kilmurray,tkilmurraydx@pinterest.com,Female,252.7.169.100
503,Garry,Laytham,glaythamdy@sfgate.com,,6.83.38.15
504,Verene,Carr,vcarrdz@salon.com,Female,130.13.244.19
505,Waneta,Sywell,wsywelle0@apache.org,Female,29.71.50.156
506,Herold,Munt,hmunte1@tamu.edu,Male,250.5.230.183
507,Jocelin,Rhymes,jrhymese2@state.tx.us,Genderfluid,68.20.69.32
508,Vernon,Itzkov,vitzkove3@wp.com,Male,230.144.138.35
509,Natalee,Laba,nlabae4@eepurl.com,Female,53.203.100.34
510,Cthrine,Rubinfeld,crubinfelde5@edublogs.org,Female,203.252.199.180
511,Nevin,Daulton,ndaultone6@redcross.org,Male,77.228.209.106
512,Fayre,Schaffler,fschafflere7@skype.com,Female,130.225.151.242
513,Alastair,Cordeau],acordeaue8@google.ca,Male,208.33.238.34
514,Spence,Rumford,srumforde9@angelfire.com,,248.13.24.135
515,Benedick,Clemenceau,bclemenceauea@istockphoto.com,Male,3.182.163.223
516,Claudius,Jobbings,cjobbingseb@ifeng.com,Male,209.243.17.188
517,Lazaro,Iveans,liveansec@msn.com,Male,135.14.89.187
518,Llywellyn,Harridge,lharridgeed@pen.io,Male,92.23.235.150
519,Kakalina,Mayger,kmaygeree@amazon.co.uk,Female,173.9.94.229
520,Logan,Snasel,lsnaselef@salon.com,Male,11.204.171.82
521,Crosby,Egdal,cegdaleg@wikipedia.org,Male,145.210.54.3
522,Ardelle,Braunstein,abraunsteineh@tumblr.com,Agender,190.219.250.144
523,Fonsie,Weiser,fweiserei@last.fm,Genderfluid,19.47.251.94
,Kalinda,Francois,kfrancoisej@google.de,Female,195.17.155.39
525,Ethelda,Ward,ewardek@cmu.edu,Female,77.237.144.230
526,Davy,Dayly,ddaylyel@rambler.ru,Male,111.209.145.130
527,Cordie,Cato,ccatoem@berkeley.edu,,251.136.127.154
528,Curran,Housley,chousleyen@alexa.com,Male,250.143.74.67
529,Bartholomeo,Wand,bwandeo@addthis.com,Male,45.100.221.123
530,Nanni,Wakely,nwakelyep@bbb.org,Genderqueer,189.223.241.215
531,Amalea,Coverly,acoverlyeq@photobucket.com,,144.88.169.221
532,Darcy,Godsil,dgodsiler@amazonaws.com,Male,104.242.117.89
533,Franciska,See,fseees@nsw.gov.au,Female,173.251.151.46
534,Lola,Klaff,lklaffet@taobao.com,,45.139.40.56
535,Clayton,Gillivrie,cgillivrieeu@house.gov,Male,254.51.65.8
536,Harlen,Densey,hdenseyev@geocities.jp,Male,165.102.129.76
537,Zebedee,Snartt,zsnarttew@psu.edu,,43.213.150.139
538,Averil,Nudde,anuddeex@engadget.com,Female,87.190.179.122
539,Lawton,Lynds,llyndsey@163.com,Male,89.89.85.82
540,Janina,Lalley,jlalleyez@pen.io,Bigender,2.99.154.223
541,Katharina,Glayzer,kglayzerf0@washington.edu,Female,69.106.229.31
542,Concordia,Scammonden,cscammondenf1@abc.net.au,Female,137.112.18.161
543,Mair,Di Biasio,mdibiasiof2@pen.io,,142.188.95.32
544,Gipsy,Hovey,ghoveyf3@rediff.com,Female,113.157.191.36
545,Olivette,Stonall,ostonallf4@seesaa.net,Agender,234.191.55.160
546,Dallon,Guinane,dguinanef5@oaic.gov.au,,152.137.26.159
547,Berny,Bailiss,bbailissf6@freewebs.com,Female,100.38.115.92
548,Alphard,Gostall,agostallf7@friendfeed.com,,113.193.74.134
549,Carter,Allon,callonf8@zdnet.com,Male,242.38.21.102
550,Michaela,Burcher,mburcherf9@nasa.gov,Female,23.210.102.139
551,Lila,Havock,lhavockfa@tiny.cc,Female,191.112.75.49
552,Bartholemy,Debrick,bdebrickfb@squidoo.com,Male,239.120.156.202
553,Darlene,Brodie,dbrodiefc@ed.gov,Female,177.18.98.96
554,Levon,Paddemore,lpaddemorefd@boston.com,Male,242.91.253.24
555,Noble,Syvret,nsyvretfe@thetimes.co.uk,Male,230.30.63.46
,Catriona,Milazzo,cmilazzoff@yahoo.com,Female,155.240.59.229
557,Janelle,Dumblton,jdumbltonfg@rakuten.co.jp,,155.66.70.31
558,Carling,Klemke,cklemkefh@gmpg.org,Male,246.176.160.49
559,Erie,Glashby,eglashbyfi@go.com,,41.168.186.228
560,Melly,Gherardelli,mgherardellifj@samsung.com,,5.131.156.249
561,Malena,Linscott,mlinscottfk@1und1.de,,35.234.165.83
562,Myrlene,Rhodes,mrhodesfl@drupal.org,Non-binary,143.208.19.141
563,Bevon,Mazzia,bmazziafm@timesonline.co.uk,Male,99.150.236.237
564,Adah,Addenbrooke,aaddenbrookefn@nasa.gov,Female,238.173.156.94
565,Cornelia,Bellie,cbelliefo@sitemeter.com,Female,189.55.108.104
566,Addia,Draycott,adraycottfp@google.com.hk,,175.55.40.110
567,Pen,Chittey,pchitteyfq@tumblr.com,Female,238.49.198.192
568,Marillin,Leyre,mleyrefr@hexun.com,Female,116.66.52.196
569,Gaven,Geddis,ggeddisfs@github.com,Male,8.118.179.103
570,Carol-jean,Chidzoy,cchidzoyft@redcross.org,Female,166.195.91.13
571,Jeffry,Fraczkiewicz,jfraczkiewiczfu@ask.com,Male,132.216.46.229
572,Urbain,O'Neill,uoneillfv@telegraph.co.uk,Male,155.7.244.31
573,Kelcey,Morpeth,kmorpethfw@fema.gov,Polygender,131.165.36.125
574,Ragnar,Franklin,rfranklinfx@liveinternet.ru,Male,181.39.172.122
575,Jan,Tumasian,jtumasianfy@biblegateway.com,Female,223.155.92.224
576,Mitzi,Gladyer,mgladyerfz@netlog.com,,215.163.225.171
577,Adelina,Rapelli,arapellig0@ftc.gov,Female,158.122.82.178
,Brenda,McGrey,bmcgreyg1@twitter.com,,124.117.31.198
,Bathsheba,Leishman,bleishmang2@chicagotribune.com,Female,76.40.92.243
580,Montgomery,Craddock,mcraddockg3@abc.net.au,Male,112.222.254.74
581,Harv,Forrestor,hforrestorg4@foxnews.com,Male,128.32.113.40
582,Brad,Piotr,bpiotrg5@mit.edu,Male,118.243.124.39
583,Zollie,Chaim,zchaimg6@github.com,Male,225.89.15.58
584,Baron,Capelin,bcapeling7@skype.com,Polygender,81.138.66.126
585,Galina,Philipet,gphilipetg8@spotify.com,Female,72.165.63.66
586,Windy,Grimmett,wgrimmettg9@360.cn,Female,101.245.120.54
587,Ginger,Blumer,gblumerga@noaa.gov,Male,123.226.59.57
,Muhammad,Eglin,meglingb@macromedia.com,Male,70.120.134.144
589,Donnie,Rosina,drosinagc@infoseek.co.jp,,235.184.230.78
590,Dionysus,McCardle,dmccardlegd@wordpress.com,Polygender,136.215.179.19
591,Delbert,Wormstone,dwormstonege@smugmug.com,Male,4.52.248.25
592,Puff,Auld,pauldgf@mapy.cz,Male,68.166.25.168
,Minni,Slee,msleegg@noaa.gov,,54.100.103.47
594,Tracie,Ringwood,tringwoodgh@hibu.com,,108.202.170.216
595,Harrison,Vegas,hvegasgi@ebay.co.uk,Male,151.203.23.137
,Odell,Edwards,oedwardsgj@example.com,Male,87.178.209.228
597,Mervin,Kobera,mkoberagk@ebay.com,,123.100.154.189
598,Charles,Toma,ctomagl@youku.com,Male,20.187.110.66
599,Regen,Castagne,rcastagnegm@usda.gov,Male,239.56.136.241
600,Nicolas,Fussie,nfussiegn@livejournal.com,Male,81.123.94.152
601,Darcee,Kroch,dkrochgo@booking.com,Female,33.173.222.206
,Benni,Kinane,bkinanegp@nationalgeographic.com,,73.176.115.173
603,Carilyn,Jovovic,cjovovicgq@moonfruit.com,Genderqueer,233.66.221.255
604,Joshua,Mollin,jmollingr@hubpages.com,Male,163.141.49.122
605,Daisie,Ianittello,dianittellogs@vinaora.com,Female,244.91.219.205
606,Corrie,Trasler,ctraslergt@wordpress.com,,251.115.117.76
607,Lilla,Prawle,lprawlegu@youtube.com,Female,163.42.95.116
608,Kane,O'Caherny,kocahernygv@chron.com,Male,186.248.36.77
609,Brody,Adrianello,badrianellogw@4shared.com,Male,121.8.153.74
610,Hazel,Charlet,hcharletgx@forbes.com,Male,229.184.162.224
611,Cobby,Dumphry,cdumphrygy@tripod.com,Male,66.137.216.90
612,Lester,Boldt,lboldtgz@google.co.jp,Male,10.34.108.223
613,Dru,Bes,dbesh0@skype.com,Female,51.149.128.195
614,Saba,Goncalo,sgoncaloh1@feedburner.com,Female,137.224.114.112
615,Aili,Sudron,asudronh2@example.com,,61.216.4.35
616,Kacy,Peele,kpeeleh3@wix.com,,27.199.197.171
617,Waldo,Canland,wcanlandh4@theglobeandmail.com,,175.90.142.188
,Lil,Benge,lbengeh5@github.io,,213.126.147.132
,Gardy,Glasman,gglasmanh6@bing.com,Male,47.224.51.61
620,Flor,Szachniewicz,fszachniewiczh7@twitpic.com,,33.141.123.159
621,Darrick,Marcos,dmarcosh8@bravesites.com,,131.242.57.232
622,Emmy,Balston,ebalstonh9@pcworld.com,Female,112.159.233.229
623,Monika,Norton,mnortonha@sciencedaily.com,Female,20.10.58.130
624,Fan,Byrch,fbyrchhb@cam.ac.uk,,172.163.111.18
625,Stafani,Ollet,sollethc@senate.gov,Female,138.213.111.37
626,Orland,Degli Abbati,odegliabbatihd@liveinternet.ru,Male,160.68.132.212
627,Berte,Hanselman,bhanselmanhe@deliciousdays.com,Female,133.96.31.92
628,Kennith,Casburn,kcasburnhf@addtoany.com,Male,246.82.126.99
629,Sorcha,Ruppeli,sruppelihg@ehow.com,Female,209.209.142.137
630,Susette,Bartels,sbartelshh@diigo.com,Female,2.110.229.245
631,Erica,Goter,egoterhi@desdev.cn,Female,160.68.53.87
632,Tiphany,Worsom,tworsomhj@microsoft.com,,220.226.17.44
633,Evangelina,Legendre,elegendrehk@sphinn.com,Female,71.124.165.12
634,Adrian,Hurich,ahurichhl@bigcartel.com,Male,249.104.90.5
,Philip,Dacks,pdackshm@delicious.com,Genderfluid,254.252.198.236
636,Temple,Readman,treadmanhn@plala.or.jp,Genderqueer,24.5.64.228
637,Aluin,Calvert,acalvertho@columbia.edu,Male,126.107.42.20
638,Johna,Rene,jrenehp@sfgate.com,Female,56.123.173.174
639,Cordelia,Gebhard,cgebhardhq@yahoo.com,Female,180.145.200.229
640,Freddie,Venneur,fvenneurhr@oracle.com,Female,76.18.36.180
641,Wilmette,Thewlis,wthewlishs@github.com,Female,218.223.188.112
642,Franky,Klemencic,fklemencicht@wikia.com,Male,143.190.195.127
643,Camille,Crysell,ccrysellhu@devhub.com,Female,252.250.202.197
644,Alicea,Muggach,amuggachhv@tripadvisor.com,Female,4.92.9.106
645,Linell,Brightie,lbrightiehw@is.gd,Female,27.99.83.201
646,Sigismund,Stadden,sstaddenhx@mit.edu,Male,64.219.88.222
647,Newton,Hardiker,nhardikerhy@t-online.de,Male,45.85.197.152
648,Bonnee,Nazaret,bnazarethz@reference.com,Female,203.136.89.180
649,Tom,Bohling,tbohlingi0@alexa.com,Male,206.224.135.146
,Jacob,Cranmere,jcranmerei1@freewebs.com,Male,90.94.155.22
651,Giulietta,Thorns,gthornsi2@patch.com,Female,134.74.204.215
652,Doreen,Aslet,dasleti3@disqus.com,,199.22.132.248
653,Shelton,Lorand,slorandi4@webs.com,,143.167.201.150
654,Fanny,Kliemchen,fkliemcheni5@time.com,Female,177.55.244.89
655,Myrilla,Havock,mhavocki6@bbb.org,Agender,105.12.76.148
656,Salvador,Mattusov,smattusovi7@usa.gov,Male,143.138.61.239
657,Kippy,Patington,kpatingtoni8@alexa.com,Female,96.205.248.233
658,Niki,Capelen,ncapeleni9@psu.edu,Male,133.81.185.200
659,Dun,Hackworth,dhackworthia@nymag.com,Male,34.33.162.139
,Roderic,Recher,rrecherib@hexun.com,Male,146.99.32.206
661,Rosie,Baalham,rbaalhamic@nytimes.com,Female,205.129.4.5
662,Worthington,Barnbrook,wbarnbrookid@newyorker.com,Male,169.25.157.163
663,Nanine,Greening,ngreeningie@geocities.jp,Female,0.255.134.60
664,Ignaz,Bruyett,ibruyettif@pagesperso-orange.fr,,75.170.186.215
665,Cleo,Sprowell,csprowellig@i2i.jp,Female,178.21.19.88
666,Brigid,Conre,bconreih@youku.com,Female,90.228.160.233
667,Riley,Ilem,rilemii@creativecommons.org,,130.234.148.170
668,Tadd,Idill,tidillij@addthis.com,Male,155.238.12.157
669,Emmery,Hubbert,ehubbertik@slate.com,Male,13.157.211.107
670,Lammond,Matthesius,lmatthesiusil@un.org,Male,215.160.172.240
671,Dyan,Tackes,dtackesim@hc360.com,Female,148.164.250.237
672,Kendre,Aps,kapsin@yale.edu,Female,182.85.220.168
673,Ashlee,Snelson,asnelsonio@ebay.com,,205.191.175.150
674,Daria,Semple,dsempleip@diigo.com,Female,67.96.242.90
675,Dosi,Asplin,daspliniq@statcounter.com,Female,97.174.157.235
676,Ange,Kieff,akieffir@redcross.org,Male,23.230.163.172
677,Ellerey,Purry,epurryis@barnesandnoble.com,Male,67.232.102.5
678,Melinda,Rosen,mrosenit@craigslist.org,,174.142.154.215
679,Kalila,Teale,ktealeiu@lulu.com,,187.140.195.180
680,Reinhold,Lampel,rlampeliv@google.com.br,Male,254.82.206.170
681,Elie,Medlen,emedleniw@chronoengine.com,Female,187.172.22.99
682,Ximenez,Van Velden,xvanveldenix@1688.com,Male,84.219.63.6
683,Boycey,Heads,bheadsiy@stanford.edu,,19.245.222.148
684,Bobette,Milham,bmilhamiz@wunderground.com,Female,76.185.91.254
685,Arney,Wickrath,awickrathj0@miitbeian.gov.cn,Male,37.123.109.46
686,Geraldine,Dugall,gdugallj1@forbes.com,Female,65.63.93.92
687,Brenn,Noir,bnoirj2@storify.com,Female,75.107.41.16
688,Carolan,Chamberlaine,cchamberlainej3@myspace.com,Female,112.231.10.24
689,Bayard,Ubsdell,bubsdellj4@springer.com,Polygender,30.57.24.23
690,Greer,Torri,gtorrij5@1und1.de,Female,238.149.131.68
691,Fiann,Giabucci,fgiabuccij6@livejournal.com,Female,45.12.94.5
692,Lilian,Vaar,lvaarj7@yandex.ru,,125.48.135.171
693,Allie,Van Merwe,avanmerwej8@java.com,Male,138.229.38.141
694,Nicholas,McIllrick,nmcillrickj9@ycombinator.com,Male,176.130.59.221
695,Reade,Strood,rstroodja@bloomberg.com,,186.17.217.222
696,Tripp,Tew,ttewjb@usda.gov,Male,103.103.201.165
697,Tamra,Watman,twatmanjc@ebay.com,,30.196.97.141
698,Bryanty,Durker,bdurkerjd@wikia.com,Male,28.96.20.63
699,Rad,Hucker,rhuckerje@amazonaws.com,,3.50.180.166
700,Rodolphe,Byrom,rbyromjf@ebay.com,,137.70.154.149
701,Ruddy,Theuss,rtheussjg@alibaba.com,Male,120.248.212.190
702,Maryjo,Jammet,mjammetjh@usatoday.com,Female,243.70.162.63
703,Bendicty,Yerbury,byerburyji@dailymotion.com,Male,150.252.86.18
704,Hadleigh,Jirus,hjirusjj@ihg.com,Male,254.171.84.13
705,Alvie,MacKomb,amackombjk@odnoklassniki.ru,Male,2.244.216.34
706,Lisle,Summerhayes,lsummerhayesjl@wix.com,,12.170.167.99
707,Obed,Laidler,olaidlerjm@tiny.cc,Male,178.249.164.31
708,Ivan,Roskruge,iroskrugejn@samsung.com,Male,94.85.164.87
709,Blaine,Matejic,bmatejicjo@wsj.com,Male,191.141.83.61
710,Yale,O'Sheeryne,yosheerynejp@artisteer.com,Male,151.126.88.200
711,Bethany,Moline,bmolinejq@oracle.com,,71.84.6.231
712,Fabio,Sherme,fshermejr@dell.com,Male,66.113.185.235
713,Charlotta,Meneghi,cmeneghijs@psu.edu,Female,47.217.3.161
714,Myrtice,Hemms,mhemmsjt@zimbio.com,Female,225.148.243.0
715,Giulio,Oswell,goswellju@netscape.com,Male,80.234.57.172
716,Keary,Haslam,khaslamjv@webs.com,Male,169.185.92.35
717,Bree,Enion,benionjw@aboutads.info,Genderqueer,121.166.221.181
718,Hurley,Rikkard,hrikkardjx@europa.eu,Male,225.229.9.86
719,Griffin,Syder,gsyderjy@auda.org.au,Male,15.101.175.108
720,Deb,Strevens,dstrevensjz@economist.com,Female,159.94.217.49
721,Cedric,Arrigo,carrigok0@nba.com,Male,22.203.148.41
722,Clari,Cruwys,ccruwysk1@umn.edu,Female,153.195.244.40
723,Lyman,Sutheran,lsutherank2@hugedomains.com,Male,213.54.251.99
724,Luz,Shotbolt,lshotboltk3@harvard.edu,Female,144.63.249.173
725,Simonette,Gifford,sgiffordk4@printfriendly.com,,219.211.63.13
726,Denni,Finessy,dfinessyk5@narod.ru,Female,145.62.106.94
727,Dud,Andrysiak,dandrysiakk6@spotify.com,,211.50.222.63
728,Simona,Reyson,sreysonk7@youtu.be,Female,196.44.233.226
729,Eolanda,Crumley,ecrumleyk8@google.fr,,41.148.76.253
730,Cozmo,Cardillo,ccardillok9@wikia.com,Male,158.3.76.29
731,Hoebart,Willox,hwilloxka@yellowpages.com,Agender,232.159.228.51
732,Evelin,Focke,efockekb@shutterfly.com,Male,201.215.37.155
733,Duffie,Klulicek,dklulicekkc@upenn.edu,Male,57.22.231.207
734,Florenza,Chasen,fchasenkd@free.fr,Female,133.29.82.251
735,Frances,Dwire,fdwireke@printfriendly.com,Female,4.192.132.182
736,Cori,Grene,cgrenekf@comcast.net,Female,206.207.202.37
737,Courtney,Bilyard,cbilyardkg@slashdot.org,,182.180.102.254
738,Charmane,Windebank,cwindebankkh@etsy.com,Female,73.61.81.119
739,Cobbie,Sifflett,csifflettki@pbs.org,Male,155.24.131.109
740,Evey,Kirvin,ekirvinkj@archive.org,,91.106.100.119
741,Madella,Denford,mdenfordkk@list-manage.com,Genderfluid,99.208.194.64
742,Petunia,Swinley,pswinleykl@comsenz.com,Female,118.175.227.124
743,Maisie,Styles,mstyleskm@webs.com,Genderqueer,6.208.47.19
744,Laureen,Bough,lboughkn@wisc.edu,Female,213.147.199.60
745,Linnea,Gimblet,lgimbletko@bbc.co.uk,Female,5.209.78.47
746,Rusty,Tees,rteeskp@t.co,Male,117.75.181.195
747,Ediva,Santora,esantorakq@intel.com,Female,202.111.49.75
748,Bob,Fortye,bfortyekr@joomla.org,Male,246.238.238.68
749,Armand,Burness,aburnessks@nifty.com,Male,86.236.210.6
750,Penni,Tapper,ptapperkt@google.nl,Female,78.114.100.8
,Heath,Geal,hgealku@answers.com,,97.196.103.152
752,Carney,Ramsier,cramsierkv@fema.gov,,138.212.29.122
753,Ashley,Broszkiewicz,abroszkiewiczkw@chronoengine.com,Male,164.242.101.123
754,Allyn,Poile,apoilekx@jugem.jp,Male,227.239.39.228
755,Valentine,Adriaens,vadriaensky@washingtonpost.com,Bigender,118.62.187.245
,Douglas,Townrow,dtownrowkz@umich.edu,Male,124.158.234.223
757,Marchelle,Secretan,msecretanl0@sourceforge.net,Female,147.46.57.140
758,Janet,Derrell,jderrelll1@123-reg.co.uk,Polygender,36.234.242.66
759,Ario,Iacavone,aiacavonel2@adobe.com,,75.3.150.189
760,Gideon,Guppey,gguppeyl3@npr.org,Male,30.154.25.178
761,Chelsie,Longford,clongfordl4@constantcontact.com,Female,75.112.127.87
762,Stafford,Mayall,smayalll5@google.co.jp,Male,27.25.113.0
763,Huntlee,Damrel,hdamrell6@ameblo.jp,Male,95.204.217.105
764,Lutero,Muehler,lmuehlerl7@wunderground.com,Male,217.223.230.220
765,Ricoriki,Dmitriev,rdmitrievl8@cyberchimps.com,Male,102.186.86.13
766,Adelaida,MacPake,amacpakel9@example.com,Female,65.215.65.180
767,Belia,Benez,bbenezla@techcrunch.com,Female,144.140.25.132
768,Retha,Winspar,rwinsparlb@dagondesign.com,Female,28.19.192.112
769,Hilary,Renard,hrenardlc@wiley.com,Male,85.167.215.113
770,Jeremias,Bon,jbonld@google.de,,112.208.69.38
771,Israel,Gebb,igebble@ning.com,,102.170.24.223
772,Arlinda,Kenwood,akenwoodlf@amazon.de,Female,253.153.197.180
,Giacomo,Dunridge,gdunridgelg@sun.com,Male,199.191.131.52
774,Sumner,Sellar,ssellarlh@seesaa.net,Male,43.60.74.65
775,Byron,Hackworthy,bhackworthyli@amazonaws.com,Male,19.228.82.181
776,Sibyl,McPeice,smcpeicelj@wsj.com,Male,175.151.198.122
777,Fax,Sharpless,fsharplesslk@nba.com,Male,6.151.44.175
778,Tybalt,McAreavey,tmcareaveyll@aol.com,Male,121.227.15.79
779,Lazare,Dunnett,ldunnettlm@senate.gov,Male,208.230.29.10
780,Melantha,Chasney,mchasneyln@umich.edu,Female,97.101.71.225
781,Owen,Korb,okorblo@clickbank.net,Male,190.231.201.26
782,Markus,MacGiolla,mmacgiollalp@altervista.org,Genderfluid,11.98.169.55
783,Skipp,Loudyan,sloudyanlq@usgs.gov,Male,119.158.197.95
784,Dedra,Odda,doddalr@epa.gov,,153.41.112.230
785,Arluene,Jouanet,ajouanetls@multiply.com,,213.150.50.86
786,Cassaundra,Draijer,cdraijerlt@cnet.com,Female,83.24.88.27
787,Grange,Rosone,grosonelu@jimdo.com,Male,132.70.208.28
788,Axel,Kinnear,akinnearlv@opensource.org,,96.59.118.66
789,Maggy,De Bernardi,mdebernardilw@dropbox.com,Female,201.250.165.160
790,Johnath,MacHoste,jmachostelx@ebay.co.uk,Female,219.229.87.114
791,Dominick,Cramer,dcramerly@wp.com,Male,252.47.171.231
792,Kerrin,Vaadeland,kvaadelandlz@e-recht24.de,Female,208.128.79.81
,Heloise,Law,hlawm0@yelp.com,Female,205.218.31.148
794,Joye,Langtree,jlangtreem1@quantcast.com,Female,46.0.179.175
795,Gherardo,Lambird,glambirdm2@skype.com,Male,184.181.32.183
796,Aristotle,Sunock,asunockm3@netscape.com,,116.63.186.80
797,Myer,Coleshill,mcoleshillm4@ifeng.com,Male,233.251.44.94
,Kip,Puxley,kpuxleym5@thetimes.co.uk,Male,38.91.211.156
799,Myrtle,Crumbie,mcrumbiem6@hc360.com,Female,16.67.188.91
800,Malcolm,Sywell,msywellm7@angelfire.com,Male,27.193.102.88
801,Harriett,Buckingham,hbuckinghamm8@google.it,Agender,58.30.158.146
802,Abey,Scotford,ascotfordm9@zimbio.com,Male,84.174.87.178
803,Kevin,Sapseed,ksapseedma@exblog.jp,Male,185.18.236.207
804,Maxy,Hainsworth,mhainsworthmb@cnbc.com,Female,87.74.40.118
805,Matthiew,Jon,mjonmc@dropbox.com,,29.29.179.164
806,Kettie,Morot,kmorotmd@smugmug.com,Female,14.74.78.196
807,Claresta,Cartin,ccartinme@sohu.com,Female,204.153.107.120
808,Ricki,Marchington,rmarchingtonmf@zimbio.com,Female,68.148.11.78
809,Wenona,Phillipson,wphillipsonmg@people.com.cn,,117.27.225.14
810,Honoria,O'Downe,hodownemh@yellowbook.com,,117.17.106.163
811,Shelton,Grimmert,sgrimmertmi@last.fm,Male,192.216.99.113
812,Staffard,Midden,smiddenmj@unesco.org,Male,247.176.154.166
813,Shellie,Cromleholme,scromleholmemk@mashable.com,Female,154.79.245.135
814,Bobette,Anstiss,banstissml@acquirethisname.com,Female,141.197.139.214
815,Marybeth,Gillebride,mgillebridemm@t-online.de,Female,246.248.210.161
816,Corine,Glasscoo,cglasscoomn@amazon.co.uk,,53.87.67.122
817,Saba,Sayburn,ssayburnmo@tamu.edu,Female,218.101.131.79
818,Raynor,Marjot,rmarjotmp@usnews.com,Male,215.150.84.237
819,Gennifer,Dewi,gdewimq@prnewswire.com,Female,50.189.55.198
820,Gabriele,Clapton,gclaptonmr@guardian.co.uk,,107.32.161.66
821,Lockwood,Robardet,lrobardetms@hao123.com,Genderqueer,53.160.74.220
822,Wash,Bodechon,wbodechonmt@jimdo.com,Male,5.87.236.237
,Nollie,Fellon,nfellonmu@prnewswire.com,Female,253.187.248.76
824,Amelita,Goudge,agoudgemv@nba.com,Female,128.238.136.178
825,Godiva,Physick,gphysickmw@unicef.org,Female,35.86.144.201
826,Mirabel,Gheorghescu,mgheorghescumx@angelfire.com,Female,30.13.171.99
827,Evan,Seabright,eseabrightmy@last.fm,Male,145.28.130.238
828,Neely,Gresly,ngreslymz@tumblr.com,Female,244.4.99.253
829,Burty,Synke,bsynken0@cocolog-nifty.com,,248.121.151.27
830,Lock,Toulson,ltoulsonn1@linkedin.com,Male,130.207.99.113
831,Vivyan,Roberds,vroberdsn2@ustream.tv,Female,202.43.87.21
832,Leonhard,Gadsden,lgadsdenn3@storify.com,Male,241.231.36.163
833,Drake,Pee,dpeen4@java.com,Male,118.102.70.197
834,Meta,Tuxell,mtuxelln5@hugedomains.com,Female,184.119.130.91
835,Iris,Eads,ieadsn6@dmoz.org,Female,132.160.222.130
836,Joellen,Fayre,jfayren7@google.ru,Female,184.221.240.195
837,Babbette,Hatje,bhatjen8@shinystat.com,Female,140.96.128.214
838,Selie,Sodor,ssodorn9@slashdot.org,Female,6.5.97.181
839,Mandie,January 1st,mjanuarystna@usatoday.com,Female,185.6.10.139
840,Alexei,Sayce,asaycenb@indiegogo.com,Male,22.78.187.98
841,Tim,McGavin,tmcgavinnc@list-manage.com,Male,201.251.56.236
,Thaxter,Brackenbury,tbrackenburynd@newsvine.com,Male,27.98.119.147
843,Godwin,Denyakin,gdenyakinne@theguardian.com,Male,171.76.102.133
844,Syman,Biles,sbilesnf@wordpress.org,Male,36.169.0.189
845,Hervey,Middleton,hmiddletonng@shinystat.com,Male,219.0.253.160
846,Alecia,Petrillo,apetrillonh@umn.edu,Non-binary,211.107.113.139
847,Jacquette,Ashness,jashnessni@devhub.com,Female,156.178.38.167
848,Fergus,Lowing,flowingnj@nhs.uk,Male,2.58.44.181
849,Carmelita,Heggison,cheggisonnk@163.com,,119.72.45.66
850,Hurleigh,Dallander,hdallandernl@cnn.com,Male,208.92.210.87
851,Cloris,Kemston,ckemstonnm@blinklist.com,,71.239.74.195
852,Jae,Afonso,jafonsonn@bigcartel.com,,167.85.102.183
853,Cloris,Mallinder,cmallinderno@csmonitor.com,Female,254.169.15.33
854,Kalinda,Elfleet,kelfleetnp@utexas.edu,,194.143.78.123
855,Josey,Pill,jpillnq@comsenz.com,Female,58.153.139.102
856,Gerek,Grabban,ggrabbannr@imageshack.us,Male,6.87.196.185
857,Van,Gellett,vgellettns@example.com,Male,244.100.33.42
858,Travers,Inston,tinstonnt@amazon.co.uk,Male,8.144.187.213
859,Jorry,Amor,jamornu@networksolutions.com,,226.231.111.34
860,Cassandry,Trevaskus,ctrevaskusnv@aboutads.info,Female,7.189.203.247
861,Harmonie,Oscroft,hoscroftnw@paypal.com,Female,195.31.62.28
862,Paulina,Caldroni,pcaldroninx@dailymail.co.uk,Female,85.135.30.165
863,Moore,Charlotte,mcharlotteny@bbc.co.uk,Non-binary,118.35.90.121
864,Kaiser,Fendt,kfendtnz@goodreads.com,,234.16.174.158
865,Alessandra,Kilmartin,akilmartino0@imageshack.us,,10.34.132.13
,Louella,Rutherford,lrutherfordo1@army.mil,Female,180.136.154.29
867,Mable,Spriggin,mspriggino2@feedburner.com,Female,238.220.210.206
868,Chilton,Salatino,csalatinoo3@answers.com,Male,203.85.74.169
869,Frannie,Josilevich,fjosilevicho4@epa.gov,Male,252.76.101.89
870,Claudianus,Bonnin,cbonnino5@reference.com,Male,118.94.182.226
871,Dallon,Gascoine,dgascoineo6@home.pl,Male,151.209.245.76
872,Cari,Bailiss,cbailisso7@technorati.com,Female,104.239.75.216
873,Marni,Rothon,mrothono8@usatoday.com,Female,55.84.123.109
,Hermione,Whiteway,hwhitewayo9@berkeley.edu,,114.181.31.173
875,Reider,Hayhow,rhayhowoa@reference.com,Male,124.16.194.7
876,Gard,Malloy,gmalloyob@gnu.org,Male,5.106.204.86
877,Wendell,Malyj,wmalyjoc@exblog.jp,Male,232.56.115.182
878,Boy,Brusle,bbrusleod@answers.com,Male,112.105.105.165
879,Fonzie,Keld,fkeldoe@yahoo.co.jp,,150.174.139.57
880,Baxter,Farragher,bfarragherof@sphinn.com,Male,97.146.12.163
881,Vite,Lamburn,vlamburnog@is.gd,Non-binary,125.16.129.224
882,Nial,Jerrome,njerromeoh@soundcloud.com,,69.221.16.239
,Michail,Iannello,miannellooi@stumbleupon.com,Male,144.75.104.110
884,Alex,Borrington,aborringtonoj@latimes.com,Male,155.152.232.146
885,Vevay,Raiman,vraimanok@harvard.edu,Polygender,89.233.25.57
886,Tillie,Marusyak,tmarusyakol@statcounter.com,Female,33.251.195.58
887,Gerrie,Kidds,gkiddsom@bluehost.com,Bigender,200.66.178.230
888,Irina,Ghidoli,ighidolion@acquirethisname.com,Female,189.165.59.211
889,Roddy,Sackler,rsackleroo@ehow.com,Male,202.238.89.10
890,Johannah,Leyband,jleybandop@ihg.com,,1.251.8.211
891,Marion,Casero,mcaserooq@ehow.com,Female,180.125.217.86
892,Salli,Hutchcraft,shutchcraftor@hubpages.com,,148.96.151.162
893,Cordy,Lampen,clampenos@photobucket.com,Male,198.81.139.205
,Darby,Eames,deamesot@apple.com,Female,51.187.23.227
895,Natale,Fierman,nfiermanou@parallels.com,Male,243.69.255.245
896,Harv,Eim,heimov@youku.com,,82.243.13.131
897,Aldrich,McCaw,amccawow@reddit.com,Male,107.92.120.125
898,Demetre,Ethelstone,dethelstoneox@businessinsider.com,Male,15.66.225.120
899,Kaja,MacCheyne,kmaccheyneoy@etsy.com,Female,8.250.167.76
900,Hyacinth,Burchett,hburchettoz@blogs.com,Female,32.214.79.59
901,Cesaro,Le Quesne,clequesnep0@twitpic.com,,27.128.47.62
902,Yoko,Meadowcroft,ymeadowcroftp1@un.org,Female,11.220.36.112
903,Tanner,Balharrie,tbalharriep2@lycos.com,Male,61.219.123.146
904,Brianna,Lawee,blaweep3@webs.com,Polygender,191.251.61.144
905,Edan,Messom,emessomp4@sphinn.com,Male,180.194.195.106
906,Marys,Standingford,mstandingfordp5@simplemachines.org,,247.216.83.120
907,Valenka,Gazey,vgazeyp6@qq.com,Female,69.165.157.204
908,Liuka,Skitral,lskitralp7@nasa.gov,Female,88.236.2.221
909,Tawnya,Reddy,treddyp8@fastcompany.com,Female,218.126.180.181
910,Cassius,Norton,cnortonp9@blogger.com,Male,118.111.159.2
911,Valentine,Saice,vsaicepa@blogtalkradio.com,Female,160.182.148.27
912,Sheilakathryn,MacCostye,smaccostyepb@biglobe.ne.jp,,240.48.184.184
913,Bordie,Neenan,bneenanpc@mashable.com,Male,83.112.174.15
914,Hamish,Campione,hcampionepd@smh.com.au,Male,236.2.196.228
915,Madlen,Maryet,mmaryetpe@youtu.be,,69.103.122.112
916,Valentijn,D'Antonio,vdantoniopf@bbc.co.uk,,231.61.230.133
917,Bordy,Pulhoster,bpulhosterpg@sun.com,,35.152.242.94
918,Lorry,Rankine,lrankineph@miitbeian.gov.cn,,78.151.194.75
,Etheline,Twyning,etwyningpi@toplist.cz,Genderfluid,25.172.8.119
920,Karlotta,Simmers,ksimmerspj@yale.edu,Female,190.69.212.37
921,Pattie,Whitely,pwhitelypk@paginegialle.it,Female,97.210.206.116
922,Marsh,Stanett,mstanettpl@diigo.com,Male,197.210.70.23
923,Dinah,Worlidge,dworlidgepm@globo.com,Female,29.135.199.224
924,Henrieta,Cotterell,hcotterellpn@si.edu,Female,134.46.55.87
925,Ring,Lange,rlangepo@ning.com,Male,26.32.157.191
926,Annnora,Maggiore,amaggiorepp@biblegateway.com,Female,79.82.137.95
927,Noelani,Dafydd,ndafyddpq@marriott.com,Female,158.86.129.191
928,Katharina,Walentynowicz,kwalentynowiczpr@canalblog.com,Female,49.239.1.11
929,Letti,Scanlon,lscanlonps@creativecommons.org,,160.191.224.19
930,Cherrita,Sturt,csturtpt@about.com,Agender,222.85.99.162
931,Anselma,Snozzwell,asnozzwellpu@miitbeian.gov.cn,Female,98.42.87.124
932,Isac,Spear,ispearpv@wsj.com,Male,149.74.210.162
,Northrup,Trow,ntrowpw@themeforest.net,Agender,163.32.68.48
934,Nicholas,Edworthye,nedworthyepx@joomla.org,Male,193.62.142.248
935,Ches,Tampling,ctamplingpy@ebay.co.uk,,177.97.168.159
936,Fey,Lapping,flappingpz@biglobe.ne.jp,,11.171.161.24
937,Eadith,Stilling,estillingq0@icio.us,Bigender,9.141.191.84
938,Tedda,Hartrick,thartrickq1@nifty.com,Genderqueer,112.119.82.76
939,Adey,Loudyan,aloudyanq2@1und1.de,Female,73.232.4.48
940,Babette,Ternott,bternottq3@devhub.com,Agender,247.131.175.143
941,Shelagh,Axford,saxfordq4@princeton.edu,,54.137.246.237
942,Udell,Bogart,ubogartq5@yandex.ru,,180.2.217.244
943,Abbe,Bottell,abottellq6@eepurl.com,Male,110.5.208.21
944,Francis,Parell,fparellq7@wisc.edu,Male,152.138.178.219
945,Seward,Thirst,sthirstq8@reddit.com,Male,181.176.74.73
946,Van,Valero,vvaleroq9@de.vu,Male,203.221.197.114
947,Brian,Dorie,bdorieqa@ted.com,Male,167.72.102.105
948,Wilfred,Youd,wyoudqb@intel.com,,38.51.158.131
949,Adina,Yashaev,ayashaevqc@newyorker.com,Female,63.1.215.184
950,Kipp,Metcalf,kmetcalfqd@wp.com,Female,62.160.117.247
951,Meridith,Partleton,mpartletonqe@angelfire.com,Female,28.225.213.172
952,Casper,Parkman,cparkmanqf@chronoengine.com,,155.93.51.28
953,Agnes,Caurah,acaurahqg@ftc.gov,Female,57.167.74.104
954,Goddart,Wardlaw,gwardlawqh@wunderground.com,,243.179.63.163
955,Lauralee,Floweth,lflowethqi@phpbb.com,Female,61.143.195.70
956,Roxy,Carter,rcarterqj@wordpress.com,Female,160.13.205.199
957,Eirena,Sjostrom,esjostromqk@mit.edu,Female,7.213.21.176
958,Anthia,Yude,ayudeql@answers.com,Female,115.238.17.147
959,Blaine,Noseworthy,bnoseworthyqm@nature.com,Male,133.218.242.102
960,Ronalda,Dinsell,rdinsellqn@flickr.com,Female,119.58.66.109
,Garth,Gun,ggunqo@vimeo.com,Male,0.162.223.235
962,Willy,Jambrozek,wjambrozekqp@technorati.com,,168.247.145.79
963,Algernon,Clough,acloughqq@stumbleupon.com,Non-binary,78.59.12.14
964,Amandi,Holde,aholdeqr@imageshack.us,Female,163.154.226.0
965,Rudolph,Niccols,rniccolsqs@de.vu,Male,142.20.110.207
966,Tate,Maior,tmaiorqt@sitemeter.com,Male,123.200.10.146
967,Sarina,Camilli,scamilliqu@vkontakte.ru,,121.187.136.163
968,Berthe,Hars,bharsqv@diigo.com,Female,152.73.49.171
969,Nixie,Sadlier,nsadlierqw@baidu.com,Female,41.78.14.181
970,Mary,Cheater,mcheaterqx@icq.com,Female,19.85.7.94
971,Brigham,Gartan,bgartanqy@opensource.org,Male,123.36.83.29
972,Anet,Barthod,abarthodqz@shinystat.com,Polygender,186.144.146.110
973,Hunt,Culham,hculhamr0@so-net.ne.jp,Male,88.113.203.19
974,Bryn,Putterill,bputterillr1@163.com,Male,58.138.157.214
975,Felizio,Tabour,ftabourr2@liveinternet.ru,Genderfluid,78.143.36.13
976,Pooh,Caudray,pcaudrayr3@umn.edu,Non-binary,107.63.78.248
977,Brinna,Flewin,bflewinr4@samsung.com,,67.22.82.45
978,Steward,Posen,sposenr5@ezinearticles.com,Male,95.78.140.74
979,Cort,Domenicone,cdomeniconer6@archive.org,,200.226.109.168
980,Hanna,Pauncefort,hpauncefortr7@thetimes.co.uk,Female,73.6.85.164
981,Brandais,Laydon,blaydonr8@wix.com,Female,152.124.195.206
982,Allianora,Elgram,aelgramr9@com.com,Female,31.122.140.143
983,Monro,Drennan,mdrennanra@washington.edu,Male,125.234.59.196
984,Leo,Buret,lburetrb@vimeo.com,,184.165.151.206
985,Mateo,Stait,mstaitrc@github.com,Male,42.211.189.209
986,Debby,McGlaud,dmcglaudrd@cornell.edu,Female,103.126.194.162
987,Deni,Kobelt,dkobeltre@fastcompany.com,Female,56.1.91.226
988,Zola,Rabson,zrabsonrf@hibu.com,Genderqueer,117.135.82.80
,Poppy,Wyrill,pwyrillrg@google.co.jp,Female,136.131.132.55
990,Benni,Parkhouse,bparkhouserh@themeforest.net,Female,118.199.199.244
991,Martie,Warman,mwarmanri@fotki.com,Female,242.113.93.214
992,Peyter,Rehm,prehmrj@mit.edu,,136.123.136.21
993,Modestia,McNeigh,mmcneighrk@mac.com,,103.203.21.189
994,Micky,Di Lucia,mdiluciarl@newyorker.com,Female,101.0.12.78
995,Blancha,Cahill,bcahillrm@g.co,Female,3.96.201.139
996,Geoff,Morehall,gmorehallrn@cdbaby.com,,178.132.38.158
997,Chan,Cakebread,ccakebreadro@ovh.net,Male,104.198.33.161
998,Jacintha,Heselwood,jheselwoodrp@cdbaby.com,Female,97.164.221.50
,Bartholomeus,Darington,bdaringtonrq@amazon.co.jp,Male,191.158.64.83
1000,Jordan,Kyndred,jkyndredrr@csmonitor.com,Male,233.62.111.32
