id,first_name,last_name,email,gender,ip_address
1,Burty,Januszkiewicz,bjanuszkiewicz0@google.it,Male,225.177.212.168
2,Nannette,Tweddle,ntweddle1@twitpic.com,Female,251.25.72.180
3,Clarie,Geaveny,cgeaveny2@shutterfly.com,Female,205.61.174.113
4,Whittaker,Hymans,whymans3@yahoo.co.jp,Male,16.251.196.214
5,Goldi,Trimme,gtrimme4@bravesites.com,Genderfluid,143.183.80.6
6,Verile,Tolomei,vtolomei5@360.cn,Female,219.128.234.68
7,Marna,Goddert.sf,mgoddertsf6@amazon.de,Female,236.7.126.246
8,Martina,Caldecott,mcaldecott7@buzzfeed.com,Female,172.69.100.224
9,Tammie,MacAllister,tmacallister8@latimes.com,Male,204.213.41.9
10,Ricky,Graeser,rgraeser9@accuweather.com,Male,208.61.41.60
11,Lorry,Atterley,latterleya@fastcompany.com,Male,80.124.32.41
12,Loy,Cripwell,lcripwellb@un.org,Male,93.163.25.226
13,Earle,Goldup,egoldupc@about.com,Genderfluid,189.168.170.196
14,Marya,Reast,mreastd@ameblo.jp,Female,102.254.43.28
15,Inna,Tatterton,itattertone@blogtalkradio.com,Female,67.104.60.39
16,Gabriell,Dinsell,gdinsellf@jugem.jp,Female,34.90.245.26
17,Melinde,Flinn,mflinng@nifty.com,Female,18.16.34.116
18,Phylys,Blezard,pblezardh@shop-pro.jp,Female,157.98.175.3
19,Callie,Aspel,caspeli@whitehouse.gov,Female,145.201.163.73
20,Sile,Goddman,sgoddmanj@cornell.edu,Bigender,96.61.232.32
21,Jourdan,Endean,jendeank@house.gov,Female,21.41.146.35
22,Kory,Skaife,kskaifel@github.com,Male,161.41.239.152
23,Isadora,Sworn,iswornm@xinhuanet.com,Female,23.161.93.138
24,Bastien,Nyssen,bnyssenn@usa.gov,Male,84.48.234.124
25,Forster,Satterfitt,fsatterfitto@japanpost.jp,Bigender,158.104.76.243
26,Vidovik,Newsome,vnewsomep@ucla.edu,Male,126.213.76.58
27,Stanly,Joules,sjoulesq@furl.net,Male,182.235.88.28
28,Jamie,Frankcombe,jfrankcomber@squarespace.com,Male,10.195.165.188
29,Kathryne,Fieldsend,kfieldsends@artisteer.com,Non-binary,72.157.187.215
30,Sissie,Luisetti,sluisettit@umn.edu,Female,1.138.176.169
31,Alexander,Yerlett,ayerlettu@google.cn,Male,223.99.184.101
32,Staford,Gridley,sgridleyv@ebay.com,Male,82.250.97.205
33,Querida,Storer,qstorerw@dailymotion.com,Female,178.139.124.138
34,Debi,Blanning,dblanningx@studiopress.com,Female,183.91.175.227
35,Carroll,Nolleau,cnolleauy@apple.com,Male,108.126.117.174
36,Dare,Preene,dpreenez@thetimes.co.uk,Male,119.234.171.88
37,Judd,Sprigg,jsprigg10@oracle.com,Male,175.132.169.139
38,Orland,Gallgher,ogallgher11@berkeley.edu,Male,152.168.150.93
39,Rebe,Checo,rcheco12@networksolutions.com,Female,95.194.27.15
40,Hernando,Abbison,habbison13@usa.gov,Male,14.92.143.6
41,Grethel,Filippucci,gfilippucci14@typepad.com,Female,252.243.239.156
42,Alfy,Muscott,amuscott15@rambler.ru,Male,33.246.220.50
43,Viki,Steeden,vsteeden16@youtube.com,Female,24.243.142.31
44,Xymenes,Duffitt,xduffitt17@mail.ru,Male,150.129.176.144
45,Noami,Gorrissen,ngorrissen18@hatena.ne.jp,Female,10.9.87.91
46,Merrel,MacKniely,mmackniely19@berkeley.edu,Male,195.175.8.27
47,Keefe,Muckian,kmuckian1a@privacy.gov.au,Male,69.138.30.79
48,Elbertine,Novkovic,enovkovic1b@cloudflare.com,Female,60.241.217.111
49,Dorisa,Trowell,dtrowell1c@discuz.net,Female,196.67.242.201
50,Kitty,Odo,kodo1d@sfgate.com,Female,148.98.91.235
51,Mandel,Lawn,mlawn1e@elpais.com,Male,124.64.151.1
52,Molly,Pinch,mpinch1f@earthlink.net,Female,123.204.100.64
53,Sarge,Pulley,spulley1g@gravatar.com,Male,208.240.205.108
54,Michelina,de Mendoza,mdemendoza1h@reuters.com,Female,100.153.154.45
55,Ted,Tinson,ttinson1i@scribd.com,Female,20.27.185.229
56,Cyndia,Iacovelli,ciacovelli1j@si.edu,Female,180.38.237.45
57,Jolynn,Kuban,jkuban1k@desdev.cn,Female,157.181.245.159
58,Laney,Bick,lbick1l@dedecms.com,Female,146.233.200.226
59,Elga,Stubbs,estubbs1m@admin.ch,Agender,169.36.209.47
60,Rickey,Pickerin,rpickerin1n@4shared.com,Male,142.154.133.156
61,Idette,Enright,ienright1o@cornell.edu,Female,50.250.174.145
62,Anjela,Jerrams,ajerrams1p@google.ru,Female,96.225.23.58
63,Shurwood,Edgerly,sedgerly1q@ted.com,Male,30.118.218.128
64,Dina,Szachniewicz,dszachniewicz1r@addtoany.com,Female,160.219.83.186
65,Brice,Amps,bamps1s@prlog.org,Male,253.194.194.134
66,Justus,Merner,jmerner1t@china.com.cn,Male,72.168.230.36
67,Amandi,Dearth,adearth1u@live.com,Female,50.238.226.236
68,Kort,Brunn,kbrunn1v@intel.com,Male,13.168.210.50
69,Beverley,Smurfitt,bsmurfitt1w@g.co,Non-binary,120.5.91.250
70,Dev,Brereton,dbrereton1x@tripod.com,Male,108.213.58.49
71,Yorker,Sambedge,ysambedge1y@moonfruit.com,Male,95.5.24.227
72,Papagena,Beevor,pbeevor1z@homestead.com,Genderqueer,10.10.59.193
73,Temp,Antonin,tantonin20@t-online.de,Male,32.196.2.218
74,Hatti,Huskinson,hhuskinson21@kickstarter.com,Female,141.172.3.32
75,Gerladina,Digges,gdigges22@gov.uk,Female,170.34.221.74
76,Gustave,Breckwell,gbreckwell23@acquirethisname.com,Male,47.18.52.198
77,Raven,McElvogue,rmcelvogue24@youku.com,Female,214.26.29.76
78,Lynn,Jeaycock,ljeaycock25@opensource.org,Female,134.105.254.149
79,Huey,Breston,hbreston26@feedburner.com,Male,227.152.66.184
80,Holden,McIlwraith,hmcilwraith27@php.net,Male,14.20.49.152
81,Roderic,Conechie,rconechie28@pinterest.com,Male,205.125.73.47
82,Nanice,Ikin,nikin29@salon.com,Female,144.3.243.128
83,Jill,Simonazzi,jsimonazzi2a@xing.com,Female,157.184.212.100
84,Benny,Meus,bmeus2b@fc2.com,Male,11.239.37.197
85,Christi,Hagwood,chagwood2c@skyrock.com,Female,97.92.199.106
86,Kristi,Lymbourne,klymbourne2d@tmall.com,Female,0.186.79.155
87,Trev,Frear,tfrear2e@1und1.de,Male,10.253.248.210
88,Caty,Gallemore,cgallemore2f@tripadvisor.com,Female,87.158.183.177
89,Fairfax,Veldman,fveldman2g@pbs.org,Male,176.251.156.101
90,Slade,Shapcote,sshapcote2h@microsoft.com,Male,64.19.250.15
91,Doreen,O'Caherny,docaherny2i@wix.com,Female,54.170.234.235
92,Sully,Jimeno,sjimeno2j@zdnet.com,Male,124.176.130.74
93,Daren,Hargroves,dhargroves2k@fotki.com,Male,120.214.251.197
94,Dulcinea,Elsegood,delsegood2l@umich.edu,Female,241.121.96.47
95,Teodor,Kinghorne,tkinghorne2m@imageshack.us,Male,125.110.64.215
96,Flinn,Raspel,fraspel2n@ovh.net,Male,50.46.51.175
97,Dorey,Isaaksohn,disaaksohn2o@purevolume.com,Female,140.151.142.90
98,Anneliese,Ransley,aransley2p@kickstarter.com,Female,112.120.195.213
99,Jsandye,Cunniam,jcunniam2q@ucla.edu,Female,127.135.136.19
100,Madonna,Twiddle,mtwiddle2r@acquirethisname.com,Female,67.55.32.92
101,Giorgi,Farquharson,gfarquharson2s@nps.gov,Male,195.198.202.69
102,Catharina,Pixton,cpixton2t@bloglines.com,Female,132.17.59.238
103,Linnell,Woof,lwoof2u@google.co.uk,Female,49.106.171.19
104,Kennie,Reeder,kreeder2v@hostgator.com,Male,228.34.245.200
105,Sally,Margerison,smargerison2w@answers.com,Female,145.238.0.124
106,Agatha,Cushion,acushion2x@usa.gov,Female,128.59.112.191
107,Maynord,McGinnell,mmcginnell2y@usda.gov,Polygender,61.81.129.210
108,Stoddard,Derdes,sderdes2z@skyrock.com,Female,189.165.143.136
109,Ber,Matussow,bmatussow30@vk.com,Male,205.202.57.253
110,Hartley,Callcott,hcallcott31@utexas.edu,Male,114.45.121.159
111,Meir,Basnett,mbasnett32@timesonline.co.uk,Male,32.21.32.237
112,Rosaleen,Van Eeden,rvaneeden33@ucla.edu,Female,147.44.122.7
113,Sharline,Baack,sbaack34@geocities.com,Female,155.150.118.148
114,Marylinda,Chessil,mchessil35@ox.ac.uk,Female,30.78.239.155
115,Dallas,Nortcliffe,dnortcliffe36@ocn.ne.jp,Female,56.181.6.9
116,Inglebert,Warricker,iwarricker37@dailymotion.com,Male,162.25.93.255
117,Norine,Woolfall,nwoolfall38@miibeian.gov.cn,Female,223.206.56.44
118,Jaquelin,Dilleway,jdilleway39@tumblr.com,Female,7.212.84.116
119,Thane,Oliva,toliva3a@arstechnica.com,Male,178.231.191.209
120,Lorelle,Moorcraft,lmoorcraft3b@ning.com,Female,81.7.28.130
121,Yorke,Thomasson,ythomasson3c@ustream.tv,Male,75.210.195.174
122,Mic,Adlam,madlam3d@hp.com,Male,242.53.219.183
123,Bernadene,Olliff,bolliff3e@bravesites.com,Female,46.254.129.30
124,Emory,Cotsford,ecotsford3f@cornell.edu,Non-binary,110.102.107.245
125,Ame,Alabastar,aalabastar3g@dailymail.co.uk,Female,154.149.243.6
126,Kenon,McCafferty,kmccafferty3h@angelfire.com,Male,204.53.64.232
127,Austen,Davitashvili,adavitashvili3i@va.gov,Male,151.70.176.253
128,Lars,Mingaye,lmingaye3j@bloomberg.com,Male,14.107.86.157
129,Nero,Hars,nhars3k@boston.com,Male,58.35.19.171
130,Irv,Acory,iacory3l@icq.com,Male,252.227.128.229
131,Ferdinande,Hoofe,fhoofe3m@theguardian.com,Female,157.120.217.86
132,Lauralee,Luebbert,lluebbert3n@1688.com,Female,67.121.216.106
133,Cornelia,Barkshire,cbarkshire3o@prweb.com,Female,109.130.233.99
134,Burr,Donkersley,bdonkersley3p@hubpages.com,Male,164.165.181.90
135,Shelbi,Fullman,sfullman3q@wiley.com,Female,109.134.165.232
136,Boyce,Sparshutt,bsparshutt3r@vistaprint.com,Male,163.18.232.99
137,Alicia,Bolliver,abolliver3s@storify.com,Non-binary,160.4.122.217
138,Brook,Mc Grath,bmcgrath3t@chicagotribune.com,Female,125.211.70.3
139,Ingamar,Andre,iandre3u@plala.or.jp,Male,205.163.107.156
140,Cristionna,Krienke,ckrienke3v@webmd.com,Female,207.255.50.245
141,Leoine,Nouch,lnouch3w@github.io,Female,1.88.215.46
142,Melonie,Rogers,mrogers3x@amazon.de,Female,182.82.131.131
143,Viviana,Mc Harg,vmcharg3y@theguardian.com,Female,105.11.108.11
144,Chip,Malley,cmalley3z@istockphoto.com,Male,29.197.223.89
145,Percy,Clopton,pclopton40@multiply.com,Male,228.123.83.117
146,Roy,Jenk,rjenk41@rediff.com,Male,178.152.145.255
147,Lindsy,Szantho,lszantho42@freewebs.com,Female,250.106.82.238
148,Huntington,Anstie,hanstie43@geocities.jp,Male,225.191.11.215
149,Brew,Aldrick,baldrick44@nydailynews.com,Male,221.102.88.102
150,Vonni,Ivakin,vivakin45@gnu.org,Female,29.223.130.66
151,Adamo,Emblow,aemblow46@google.es,Male,34.23.66.215
152,Anthia,Harrisson,aharrisson47@cmu.edu,Female,185.227.203.86
153,Noel,Vooght,nvooght48@google.de,Male,241.1.39.23
154,Kit,Afield,kafield49@howstuffworks.com,Male,35.142.162.232
155,Tonya,Russan,trussan4a@miibeian.gov.cn,Female,75.244.125.209
156,Giorgio,Kinch,gkinch4b@umich.edu,Male,93.188.49.44
157,Keriann,Le Clercq,kleclercq4c@hostgator.com,Female,153.153.168.10
158,Ragnar,Fossey,rfossey4d@w3.org,Genderfluid,130.45.88.194
159,Tedmund,Rubroe,trubroe4e@theatlantic.com,Male,173.252.173.128
160,Rachele,Baigent,rbaigent4f@facebook.com,Female,118.96.31.250
161,Giulietta,O'Donnell,godonnell4g@surveymonkey.com,Genderqueer,141.50.196.101
162,Aeriell,Iannelli,aiannelli4h@webs.com,Female,13.63.235.209
163,Vern,Tooby,vtooby4i@go.com,Male,185.229.3.140
164,Gigi,Lamb,glamb4j@canalblog.com,Female,73.137.226.62
165,Cliff,Akram,cakram4k@dell.com,Male,236.187.158.95
166,Euell,Januszewicz,ejanuszewicz4l@tuttocitta.it,Male,42.179.58.130
167,Artair,Wevell,awevell4m@bbb.org,Male,11.38.130.44
168,Marylynne,Sleany,msleany4n@japanpost.jp,Female,49.185.121.66
169,Tootsie,Welldrake,twelldrake4o@sphinn.com,Female,62.130.66.206
170,Adrian,Crowche,acrowche4p@vinaora.com,Agender,189.170.227.181
171,Vivianne,Tankard,vtankard4q@thetimes.co.uk,Female,213.22.42.252
172,Jere,Block,jblock4r@sogou.com,Female,70.206.102.38
173,Maurizio,Gwioneth,mgwioneth4s@dagondesign.com,Male,250.164.175.136
174,Eb,Crannell,ecrannell4t@joomla.org,Genderqueer,120.249.184.198
175,Michelle,Huckabe,mhuckabe4u@icq.com,Female,2.169.25.240
176,Evvie,Tottem,etottem4v@bravesites.com,Female,36.10.192.25
177,Nels,Sambiedge,nsambiedge4w@oakley.com,Male,186.53.197.216
178,Selene,Oaks,soaks4x@hibu.com,Female,24.141.170.188
179,Gayle,Shorte,gshorte4y@state.tx.us,Male,82.154.38.23
180,Brock,Probbing,bprobbing4z@hhs.gov,Male,79.28.244.241
181,Steffi,Stewart,sstewart50@vistaprint.com,Female,214.53.55.22
182,Marilin,Adams,madams51@bloomberg.com,Female,245.166.25.115
183,Gottfried,Elt,gelt52@abc.net.au,Male,55.236.34.42
184,Karmen,Chantler,kchantler53@bbb.org,Female,195.251.208.56
185,Drugi,Maudsley,dmaudsley54@jiathis.com,Male,5.80.241.80
186,Arvy,Timby,atimby55@springer.com,Male,241.158.109.90
187,Blair,Novichenko,bnovichenko56@bbb.org,Male,246.33.142.53
188,Gregg,Kepling,gkepling57@blogspot.com,Male,7.229.223.206
189,Percy,Brisco,pbrisco58@liveinternet.ru,Male,85.51.174.48
190,Concettina,Runsey,crunsey59@cocolog-nifty.com,Female,231.0.131.90
191,Sophia,Winfred,swinfred5a@photobucket.com,Female,164.154.141.159
192,Erin,Parke,eparke5b@comsenz.com,Female,110.103.132.65
193,Van,Yates,vyates5c@nyu.edu,Male,32.28.93.84
194,Monty,Della Scala,mdellascala5d@godaddy.com,Male,106.160.211.33
195,Saunderson,Inglesant,singlesant5e@pcworld.com,Genderfluid,92.45.230.77
196,Eduard,Fardoe,efardoe5f@china.com.cn,Male,189.188.249.108
197,Yulma,Hewins,yhewins5g@nifty.com,Male,213.24.240.230
198,Loydie,Rampage,lrampage5h@tinypic.com,Male,166.42.87.24
199,Cassie,Harvatt,charvatt5i@nytimes.com,Female,117.50.198.81
200,Ortensia,Jako,ojako5j@statcounter.com,Female,70.213.110.47
201,Angelina,Prangley,aprangley5k@blogspot.com,Female,19.191.36.53
202,Aldrich,Gibbs,agibbs5l@odnoklassniki.ru,Male,25.8.255.214
203,Leonanie,Thripp,lthripp5m@noaa.gov,Female,214.4.226.249
204,Randy,Sweeting,rsweeting5n@dedecms.com,Male,22.186.171.173
205,Starla,Taile,staile5o@ocn.ne.jp,Genderfluid,11.91.79.92
206,Eldredge,Bickersteth,ebickersteth5p@nature.com,Male,229.216.125.15
207,Charmain,Craister,ccraister5q@cam.ac.uk,Female,142.43.139.62
208,Sandy,Janzen,sjanzen5r@dmoz.org,Male,177.125.67.250
209,Shanda,Seyler,sseyler5s@yahoo.co.jp,Female,5.74.129.183
210,Wilfrid,Kondrat,wkondrat5t@jigsy.com,Male,185.190.235.44
211,Jyoti,Degue,jdegue5u@yellowbook.com,Female,241.193.245.168
212,Richie,Beringer,rberinger5v@hibu.com,Male,8.219.123.114
213,Myrwyn,Berecloth,mberecloth5w@multiply.com,Male,164.48.103.226
214,Danya,Wale,dwale5x@w3.org,Female,40.237.122.117
215,Kellina,Samways,ksamways5y@samsung.com,Female,29.105.204.187
216,Myrna,Limpertz,mlimpertz5z@patch.com,Female,202.199.219.134
217,Ester,Twiddell,etwiddell60@seesaa.net,Female,17.44.142.68
218,Corabelle,Duester,cduester61@msu.edu,Female,194.107.226.117
219,Martie,Canet,mcanet62@plala.or.jp,Male,2.117.181.106
220,Errol,Bruna,ebruna63@bluehost.com,Male,61.160.204.247
221,Ansel,Goldstone,agoldstone64@kickstarter.com,Male,178.49.211.113
222,Kate,Finch,kfinch65@dot.gov,Female,160.234.192.142
223,Frederic,Crigin,fcrigin66@tripadvisor.com,Male,165.219.248.48
224,Beniamino,Reiglar,breiglar67@merriam-webster.com,Male,137.134.212.93
225,Petronella,McAllister,pmcallister68@weather.com,Female,126.164.221.197
226,Zsa zsa,Cohn,zcohn69@list-manage.com,Female,244.209.239.42
227,Irma,Oiller,ioiller6a@hibu.com,Female,149.66.41.213
228,Lucien,Coot,lcoot6b@ibm.com,Male,38.179.134.23
229,Kippy,Flacknoe,kflacknoe6c@auda.org.au,Male,79.68.11.19
230,Evangelin,Tomanek,etomanek6d@weibo.com,Female,198.202.27.190
231,Eberto,Bindley,ebindley6e@mlb.com,Male,170.189.10.33
232,Kristos,Dearlove,kdearlove6f@auda.org.au,Male,67.68.38.42
233,Nikolaos,Grimwood,ngrimwood6g@accuweather.com,Male,42.54.68.144
234,Tedie,Venediktov,tvenediktov6h@google.com.br,Male,38.92.237.163
235,Kristy,Espinel,kespinel6i@irs.gov,Female,16.173.119.41
236,Maurise,Leadston,mleadston6j@goodreads.com,Male,65.46.243.212
237,Brandi,Normanell,bnormanell6k@squidoo.com,Polygender,185.37.144.18
238,Alanson,Haswell,ahaswell6l@accuweather.com,Male,246.28.123.121
239,Catrina,Fearnside,cfearnside6m@columbia.edu,Female,239.41.199.75
240,Chiquita,Gookey,cgookey6n@unicef.org,Female,244.80.99.53
241,Hendrik,Skim,hskim6o@jigsy.com,Male,106.121.33.195
242,Sidney,Boost,sboost6p@csmonitor.com,Male,235.86.168.107
243,Ric,Grieger,rgrieger6q@boston.com,Male,189.236.89.157
244,Cart,Heimes,cheimes6r@answers.com,Male,83.175.247.56
245,Gray,Janaszkiewicz,gjanaszkiewicz6s@gnu.org,Male,160.214.87.45
246,Barbaraanne,Keeri,bkeeri6t@naver.com,Female,9.156.92.122
247,Patrizia,Elves,pelves6u@marriott.com,Female,144.220.15.171
248,Ellis,Gruszka,egruszka6v@ft.com,Male,37.21.75.130
249,Cos,Giddens,cgiddens6w@kickstarter.com,Male,137.220.204.141
250,Whitman,Clipsham,wclipsham6x@sbwire.com,Male,171.65.202.57
251,Georgie,Threadgould,gthreadgould6y@salon.com,Female,14.179.209.20
252,Bob,Batha,bbatha6z@google.it,Male,28.227.111.70
253,Art,Ortiga,aortiga70@newyorker.com,Male,131.217.216.208
254,Drew,Tomney,dtomney71@google.es,Male,201.89.24.97
255,Janifer,Schutte,jschutte72@boston.com,Female,100.46.81.104
256,Yorker,Mundell,ymundell73@fc2.com,Male,175.191.234.152
257,Marice,Tomblin,mtomblin74@wikipedia.org,Female,166.51.103.36
258,Cindelyn,Abbatucci,cabbatucci75@engadget.com,Female,100.234.24.9
259,Zared,Mullinder,zmullinder76@php.net,Male,15.164.239.26
260,Brunhilde,Fellgatt,bfellgatt77@photobucket.com,Female,88.174.42.71
261,Shanon,Anglish,sanglish78@sohu.com,Female,176.93.34.222
262,Anatole,MacDowal,amacdowal79@sciencedaily.com,Male,199.55.175.52
263,Elnore,Mulberry,emulberry7a@ed.gov,Female,129.42.176.133
264,Abby,Jaqueminet,ajaqueminet7b@live.com,Polygender,65.17.218.210
265,Willis,Hailes,whailes7c@techcrunch.com,Male,53.199.137.182
266,Bernadette,Gamlyn,bgamlyn7d@live.com,Female,241.21.135.55
267,Rutherford,Zambonini,rzambonini7e@hud.gov,Male,132.219.46.143
268,Emera,Mabbitt,emabbitt7f@nationalgeographic.com,Female,117.225.61.73
269,Keri,Gerber,kgerber7g@ucsd.edu,Bigender,229.205.158.142
270,Edlin,Happs,ehapps7h@mediafire.com,Male,123.181.17.178
271,Antonius,Prisk,aprisk7i@etsy.com,Male,59.22.154.141
272,Nonna,Redmile,nredmile7j@java.com,Female,35.82.69.184
273,Liva,Blaschek,lblaschek7k@microsoft.com,Female,254.139.211.245
274,Karoly,Crowcombe,kcrowcombe7l@unesco.org,Female,183.85.103.191
275,Arvin,Beahan,abeahan7m@redcross.org,Male,204.224.246.236
276,Reinwald,Fardon,rfardon7n@mashable.com,Male,92.65.194.45
277,Hynda,Parcell,hparcell7o@goo.ne.jp,Female,227.192.96.184
278,Lenora,Dabernott,ldabernott7p@surveymonkey.com,Female,38.28.154.96
279,Vassily,Routh,vrouth7q@reference.com,Non-binary,34.41.135.109
280,Linc,Lambrecht,llambrecht7r@nyu.edu,Male,123.28.176.201
281,Dewain,Coppock.,dcoppock7s@nbcnews.com,Bigender,85.71.71.226
282,Dru,Haslegrave,dhaslegrave7t@upenn.edu,Genderqueer,31.116.106.238
283,Darice,Troyes,dtroyes7u@accuweather.com,Female,87.4.12.148
284,Bronnie,Hofer,bhofer7v@yahoo.co.jp,Male,96.109.149.70
285,Husain,Gyorffy,hgyorffy7w@paginegialle.it,Male,77.36.36.241
286,Othello,Sansun,osansun7x@naver.com,Male,159.191.11.178
287,Carrissa,Newlan,cnewlan7y@mashable.com,Female,188.68.182.140
288,Angelo,Stowgill,astowgill7z@multiply.com,Male,226.148.223.83
289,Corliss,Beetham,cbeetham80@netscape.com,Female,185.14.152.61
290,Mariel,Grevatt,mgrevatt81@bbc.co.uk,Female,212.235.187.53
291,Pepito,Grece,pgrece82@scribd.com,Male,156.0.232.131
292,Syd,Eveleigh,seveleigh83@pcworld.com,Male,81.198.98.248
293,Tedman,Cottel,tcottel84@usa.gov,Non-binary,23.208.47.25
294,Symon,Wimpeney,swimpeney85@histats.com,Male,221.175.133.149
295,Jay,Swanbourne,jswanbourne86@ucoz.com,Male,155.98.171.111
296,Adena,Elsmere,aelsmere87@g.co,Female,139.166.227.153
297,Barny,Hurt,bhurt88@wix.com,Male,64.34.11.71
298,Estrellita,Bernollet,ebernollet89@sun.com,Female,97.197.129.73
299,Vincenz,Hinnerk,vhinnerk8a@cmu.edu,Male,101.88.72.151
300,Pearline,Breeder,pbreeder8b@instagram.com,Female,84.37.102.90
301,Balduin,Monkley,bmonkley8c@smugmug.com,Male,228.103.142.77
302,Heidi,Claringbold,hclaringbold8d@cdc.gov,Female,77.217.223.71
303,Bronnie,McTeer,bmcteer8e@bloglovin.com,Male,12.48.181.60
304,Corilla,Dory,cdory8f@umich.edu,Non-binary,46.208.99.32
305,Wain,Schoenfisch,wschoenfisch8g@icio.us,Male,39.24.59.29
306,Ivonne,Pykett,ipykett8h@freewebs.com,Female,71.140.40.50
307,Georg,Maruszewski,gmaruszewski8i@cyberchimps.com,Male,200.163.229.26
308,Marie-jeanne,Scotsbrook,mscotsbrook8j@sciencedirect.com,Female,176.119.21.146
309,Ermanno,Wake,ewake8k@pbs.org,Genderqueer,251.203.86.201
310,Stirling,Kloss,skloss8l@webeden.co.uk,Male,35.48.190.46
311,Tamera,Pickavance,tpickavance8m@cisco.com,Female,112.115.235.146
312,Vail,Desson,vdesson8n@pbs.org,Male,3.222.109.145
313,Ag,Maly,amaly8o@booking.com,Female,129.37.212.240
314,Marielle,MacKettrick,mmackettrick8p@virginia.edu,Female,95.205.189.141
315,Kacie,Huggen,khuggen8q@t-online.de,Bigender,78.177.116.119
316,Arlie,Peacham,apeacham8r@cnn.com,Female,164.250.45.97
317,Leah,Baty,lbaty8s@a8.net,Female,104.154.130.19
318,Lonna,Lempke,llempke8t@lycos.com,Female,60.118.42.208
319,Tripp,Adaway,tadaway8u@wsj.com,Male,17.57.95.137
320,Darnall,Cree,dcree8v@tamu.edu,Male,82.154.172.98
321,Pauline,McCoid,pmccoid8w@php.net,Bigender,11.88.84.237
322,Robin,Edlestone,redlestone8x@vimeo.com,Male,183.26.157.222
323,Isiahi,Huet,ihuet8y@e-recht24.de,Male,120.222.140.125
324,Celka,Hammonds,chammonds8z@bluehost.com,Female,105.36.163.35
325,Beauregard,Thornewill,bthornewill90@uol.com.br,Male,184.20.228.211
326,Myrilla,Winchurst,mwinchurst91@icq.com,Female,222.96.28.59
327,Yank,Hordle,yhordle92@sun.com,Male,60.208.170.155
328,Ardith,Syddie,asyddie93@youtube.com,Female,41.206.54.98
329,Modesty,Dearman,mdearman94@shareasale.com,Female,76.90.248.140
330,Sabina,Orwell,sorwell95@cbc.ca,Female,88.246.37.154
331,Homer,Hawe,hhawe96@barnesandnoble.com,Male,229.44.222.167
332,Maurits,Casajuana,mcasajuana97@typepad.com,Male,211.92.204.203
333,Sidonnie,Urling,surling98@mediafire.com,Female,69.21.132.3
334,Fredra,Allitt,fallitt99@delicious.com,Female,157.124.30.134
335,Tessie,Woodger,twoodger9a@harvard.edu,Female,1.215.149.229
336,Meriel,Fellnee,mfellnee9b@usatoday.com,Female,218.208.227.73
337,Yolanda,Akrigg,yakrigg9c@sohu.com,Female,203.174.161.53
338,Jolyn,Bunting,jbunting9d@amazon.co.uk,Female,70.96.0.121
339,Hercule,Renahan,hrenahan9e@wufoo.com,Male,224.199.176.200
340,Zacharie,Fensome,zfensome9f@walmart.com,Male,47.19.217.43
341,Millard,Burtwell,mburtwell9g@geocities.jp,Male,246.78.135.35
342,Tomasine,Montel,tmontel9h@cargocollective.com,Female,32.83.175.74
343,Christabella,Schulken,cschulken9i@sphinn.com,Female,54.168.209.92
344,Garfield,Lehrer,glehrer9j@networksolutions.com,Male,187.11.64.117
345,Joline,Leavey,jleavey9k@theguardian.com,Female,27.44.158.155
346,Petr,Crease,pcrease9l@nifty.com,Male,52.175.234.212
347,Sophi,Willman,swillman9m@github.com,Female,171.115.210.129
348,Caryl,Riach,criach9n@answers.com,Polygender,215.185.117.40
349,Claire,Linkie,clinkie9o@ocn.ne.jp,Male,189.154.135.87
350,West,Ranscombe,wranscombe9p@jiathis.com,Male,213.209.101.5
351,Brigitta,Drei,bdrei9q@washington.edu,Female,118.10.87.115
352,Pavel,Salmons,psalmons9r@ning.com,Male,87.211.181.51
353,Trudey,Berick,tberick9s@360.cn,Female,105.84.98.18
354,Drusie,McIlvaney,dmcilvaney9t@examiner.com,Female,221.59.156.58
355,Caresse,Gresser,cgresser9u@drupal.org,Female,236.6.186.64
356,Keefer,Izon,kizon9v@jimdo.com,Male,170.92.246.24
357,Rachael,Mineghelli,rmineghelli9w@1688.com,Female,49.57.82.110
358,Jeremias,Younghusband,jyounghusband9x@indiatimes.com,Male,209.78.75.183
359,Jilleen,Haddacks,jhaddacks9y@fotki.com,Female,87.88.10.31
360,Lauren,Torres,ltorres9z@sphinn.com,Female,186.199.125.210
361,Mikey,Sparrowe,msparrowea0@goo.gl,Male,80.47.232.123
362,Sharity,Tomei,stomeia1@accuweather.com,Bigender,130.176.206.118
363,Olin,Neward,onewarda2@yelp.com,Male,53.230.84.237
364,Blair,Ruddock,bruddocka3@skyrock.com,Male,45.62.3.220
365,Norine,Scawen,nscawena4@paginegialle.it,Female,24.63.18.236
366,Rosemary,Baulk,rbaulka5@who.int,Female,188.78.180.133
367,Austina,Mabbett,amabbetta6@marriott.com,Female,169.165.217.97
368,Kassandra,Ferron,kferrona7@live.com,Female,165.213.34.56
369,Blanca,Philippon,bphilippona8@hao123.com,Female,204.85.219.68
370,Kizzee,Dyke,kdykea9@prnewswire.com,Female,113.136.59.85
371,May,Smithson,msmithsonaa@csmonitor.com,Female,194.185.29.137
372,Alma,Marquet,amarquetab@1und1.de,Female,198.254.2.9
373,Leigh,Gookes,lgookesac@google.ca,Female,0.44.249.119
374,Maggy,Bellee,mbelleead@ucoz.com,Female,77.73.64.250
375,Sherlocke,Sancto,ssanctoae@technorati.com,Male,2.26.152.165
376,Kenton,Meiklejohn,kmeiklejohnaf@technorati.com,Male,95.197.152.62
377,Tabby,Vankeev,tvankeevag@multiply.com,Female,49.214.213.185
378,Frayda,Call,fcallah@newyorker.com,Female,15.226.99.16
379,Lyle,Dumbare,ldumbareai@wikipedia.org,Agender,31.71.152.149
380,Ainsley,Tomankiewicz,atomankiewiczaj@biblegateway.com,Female,71.105.218.237
381,Pernell,Hastilow,phastilowak@yolasite.com,Bigender,4.113.191.174
382,West,Howood,whowoodal@nba.com,Male,98.186.99.58
383,Simonne,Baugham,sbaughamam@ft.com,Female,50.223.109.79
384,Benny,Brokenshaw,bbrokenshawan@histats.com,Male,189.179.207.244
385,Cchaddie,Largen,clargenao@cyberchimps.com,Male,199.76.37.242
386,Florence,Witherington,fwitheringtonap@usnews.com,Female,81.13.120.179
387,Lyle,Coveny,lcovenyaq@t-online.de,Male,202.106.226.194
388,Cherry,Darco,cdarcoar@amazon.co.uk,Female,204.44.234.31
389,Merrilee,McGowing,mmcgowingas@yellowpages.com,Female,57.171.1.175
390,Berni,McMearty,bmcmeartyat@ameblo.jp,Female,43.43.248.42
391,Birk,Gertray,bgertrayau@networkadvertising.org,Male,184.159.151.170
392,Kaitlyn,Beddis,kbeddisav@unesco.org,Female,0.242.194.84
393,Rossy,Ounsworth,rounsworthaw@parallels.com,Male,37.130.242.15
394,Porter,Hinzer,phinzerax@baidu.com,Male,189.150.144.107
395,Fairfax,Springthorpe,fspringthorpeay@bbb.org,Male,8.243.23.159
396,Richmound,Eastwell,reastwellaz@friendfeed.com,Male,229.242.206.53
397,Emeline,Toomey,etoomeyb0@geocities.com,Female,77.174.126.213
398,Stormi,Nisbet,snisbetb1@google.es,Female,129.26.230.207
399,Elfie,Dineen,edineenb2@so-net.ne.jp,Polygender,112.22.60.69
400,Nichol,Ferenczi,nferenczib3@1688.com,Female,241.191.107.74
401,Cordy,Colcutt,ccolcuttb4@shop-pro.jp,Female,110.140.158.17
402,Clarance,Glover,cgloverb5@rediff.com,Male,191.249.121.12
403,Cinderella,Hitzmann,chitzmannb6@jugem.jp,Female,93.37.7.198
404,Warde,Maric,wmaricb7@comcast.net,Male,148.239.218.162
405,Alyce,Klousner,aklousnerb8@elpais.com,Female,171.66.193.133
406,Violet,Cyseley,vcyseleyb9@mashable.com,Female,86.213.50.233
407,Inga,Eade,ieadeba@purevolume.com,Female,137.192.111.245
408,Paloma,Snepp,psneppbb@sakura.ne.jp,Bigender,6.15.63.89
409,Karol,Waterhowse,kwaterhowsebc@ustream.tv,Female,253.242.82.236
410,Bowie,Boyall,bboyallbd@businessweek.com,Male,34.97.182.229
411,Vail,Janowski,vjanowskibe@jimdo.com,Male,216.216.87.61
412,Charleen,Wrefford,cwreffordbf@joomla.org,Female,64.251.208.87
413,Doria,Stoggles,dstogglesbg@mashable.com,Female,64.117.227.198
414,Yuma,Barwell,ybarwellbh@hhs.gov,Male,74.161.126.86
415,Cullin,Hadye,chadyebi@chronoengine.com,Bigender,230.203.147.155
416,Byrle,Putman,bputmanbj@reference.com,Male,42.134.106.79
417,Allegra,Leyninye,aleyninyebk@usa.gov,Female,67.131.196.43
418,Dale,Browse,dbrowsebl@odnoklassniki.ru,Male,81.70.131.238
419,Ninetta,Dmiterko,ndmiterkobm@unicef.org,Female,14.81.33.177
420,Faulkner,Le Guin,fleguinbn@free.fr,Male,219.5.201.3
421,Bronnie,O'Doireidh,bodoireidhbo@webmd.com,Male,10.246.201.219
422,Godiva,Trevers,gtreversbp@bbc.co.uk,Female,61.215.23.91
423,Clyde,Bonney,cbonneybq@soundcloud.com,Male,13.72.34.255
424,Devon,Cartledge,dcartledgebr@nbcnews.com,Female,131.91.72.82
425,Ingram,Haquin,ihaquinbs@nyu.edu,Male,109.148.251.124
426,Simmonds,Petrollo,spetrollobt@usa.gov,Male,221.15.85.121
427,Daniela,Musprat,dmuspratbu@vkontakte.ru,Female,210.90.234.60
428,Brigitta,Massey,bmasseybv@histats.com,Female,84.154.79.118
429,Hobie,Lusgdin,hlusgdinbw@google.ru,Male,132.56.249.203
430,Virgie,Seager,vseagerbx@seesaa.net,Male,8.97.53.131
431,Ernestine,Pairpoint,epairpointby@blogs.com,Bigender,217.4.173.73
432,Ianthe,Riddeough,iriddeoughbz@tinyurl.com,Female,15.75.179.228
433,Cathy,Bright,cbrightc0@amazon.co.jp,Female,221.56.255.202
434,Ignacio,Blayd,iblaydc1@yellowbook.com,Male,140.68.168.107
435,Tisha,Ajsik,tajsikc2@patch.com,Female,195.20.179.201
436,Brenden,Babcock,bbabcockc3@wordpress.com,Male,190.245.208.2
437,York,Skelton,yskeltonc4@prnewswire.com,Male,124.6.241.149
438,Bren,Greave,bgreavec5@purevolume.com,Female,156.35.2.191
439,Myrwyn,Stut,mstutc6@yahoo.com,Male,58.106.200.67
440,Anastassia,Skirrow,askirrowc7@squidoo.com,Female,40.78.100.221
441,Gina,McKearnen,gmckearnenc8@reverbnation.com,Female,2.250.45.120
442,Moritz,Shellum,mshellumc9@washingtonpost.com,Genderfluid,27.181.74.71
443,Ag,Salasar,asalasarca@chicagotribune.com,Female,49.173.1.149
444,Joey,Ryves,jryvescb@ted.com,Female,43.46.248.110
445,Enrichetta,Imison,eimisoncc@cbc.ca,Female,61.184.199.0
446,Nathaniel,Hallawell,nhallawellcd@vkontakte.ru,Male,26.178.186.162
447,Anatole,Ast,aastce@marketwatch.com,Male,185.225.24.38
448,Penrod,Yaldren,pyaldrencf@xing.com,Male,16.124.66.101
449,Fleur,Presnell,fpresnellcg@ox.ac.uk,Female,127.84.19.89
450,Mala,Roja,mrojach@seattletimes.com,Polygender,83.150.64.45
451,Red,Cadagan,rcadaganci@cyberchimps.com,Genderfluid,192.132.168.131
452,Quillan,Argrave,qargravecj@nps.gov,Male,132.68.56.136
453,Selle,Massei,smasseick@hhs.gov,Female,235.180.161.255
454,Giacobo,Renison,grenisoncl@skyrock.com,Male,210.17.195.141
455,Colin,Sugg,csuggcm@skyrock.com,Genderfluid,85.37.161.12
456,Inge,Cary,icarycn@google.fr,Female,192.81.28.228
457,Lavena,Chitter,lchitterco@netscape.com,Female,99.47.59.251
458,Meara,Arpur,marpurcp@japanpost.jp,Female,253.30.227.165
459,Laughton,Cookson,lcooksoncq@loc.gov,Male,149.145.32.211
460,Marketa,Pennycord,mpennycordcr@discovery.com,Female,97.181.10.120
461,Wernher,Pimblotte,wpimblottecs@salon.com,Bigender,15.142.52.64
462,Burt,Braganca,bbragancact@ucoz.com,Male,191.31.130.22
463,Allister,Cashin,acashincu@latimes.com,Genderfluid,141.17.191.37
464,Larry,Heugh,lheughcv@businesswire.com,Male,181.15.192.103
465,Darby,Engall,dengallcw@blogger.com,Male,33.60.69.62
466,Darbee,Garoghan,dgaroghancx@theguardian.com,Male,123.108.157.198
467,Mattheus,Minogue,mminoguecy@bloglines.com,Male,105.129.193.86
468,Renae,Strain,rstraincz@seesaa.net,Female,55.97.93.58
469,Ailbert,Jeff,ajeffd0@ted.com,Male,160.0.242.223
470,Delainey,Kobierski,dkobierskid1@github.com,Male,217.216.20.21
471,Mendel,Reekie,mreekied2@un.org,Male,116.229.61.115
472,Lawrence,Kearton,lkeartond3@epa.gov,Male,162.2.168.117
473,Jere,Biddle,jbiddled4@va.gov,Non-binary,233.15.2.176
474,Jens,Willerton,jwillertond5@usda.gov,Male,200.92.250.181
475,Marni,Parrot,mparrotd6@gnu.org,Female,203.155.162.54
476,Nessa,Roscrigg,nroscriggd7@boston.com,Female,143.209.95.193
477,Whitney,Clee,wcleed8@bluehost.com,Female,98.184.62.175
478,Nikoletta,Smiley,nsmileyd9@un.org,Female,49.118.205.229
479,Massimo,Gribbell,mgribbellda@adobe.com,Male,90.11.125.195
480,Curcio,Reuter,creuterdb@businessinsider.com,Male,62.252.112.101
481,Lanni,Bremner,lbremnerdc@pagesperso-orange.fr,Female,226.15.162.191
482,Robinson,Esilmon,resilmondd@nba.com,Male,35.106.82.65
483,Adelina,Persicke,apersickede@cocolog-nifty.com,Female,86.39.211.151
484,Nikolia,Karp,nkarpdf@alibaba.com,Female,155.79.106.77
485,Rycca,Petrenko,rpetrenkodg@phpbb.com,Female,176.131.242.202
486,Frankie,Molloy,fmolloydh@forbes.com,Male,159.245.68.103
487,Tristan,Wedgbrow,twedgbrowdi@berkeley.edu,Male,143.207.85.45
488,Leda,Peverell,lpeverelldj@si.edu,Female,251.43.84.79
489,Ethyl,Thieme,ethiemedk@amazonaws.com,Female,180.167.110.161
490,Ingemar,Marcam,imarcamdl@zimbio.com,Male,190.174.50.83
491,Greg,Souley,gsouleydm@facebook.com,Male,52.251.99.71
492,Karlee,Itzkin,kitzkindn@washington.edu,Female,137.94.44.105
493,Garvey,Sagrott,gsagrottdo@statcounter.com,Male,214.136.171.112
494,Florette,Frood,ffrooddp@godaddy.com,Female,243.121.4.180
495,Daniela,Salerg,dsalergdq@sitemeter.com,Female,29.232.48.246
496,Lola,Bony,lbonydr@live.com,Bigender,45.178.162.254
497,Opaline,Cradoc,ocradocds@si.edu,Female,43.222.63.143
498,Neil,Whitcher,nwhitcherdt@illinois.edu,Male,159.191.233.218
499,Henrieta,Youles,hyoulesdu@sphinn.com,Female,69.239.130.115
500,Adrianne,Wisher,awisherdv@taobao.com,Female,146.238.179.33
501,Tynan,O' Dooley,todooleydw@freewebs.com,Male,175.87.126.205
502,Ariana,Barsam,abarsamdx@scribd.com,Female,60.124.74.33
503,Tuckie,Cain,tcaindy@theatlantic.com,Male,157.248.118.73
504,Clarisse,Salvati,csalvatidz@moonfruit.com,Female,228.100.206.3
505,Dunn,Kemmons,dkemmonse0@noaa.gov,Male,242.73.163.8
506,Alanah,Pawel,apawele1@lycos.com,Female,101.6.152.0
507,Sancho,Chillistone,schillistonee2@oaic.gov.au,Male,148.35.19.123
508,Traci,Tebbett,ttebbette3@jalbum.net,Non-binary,28.132.230.121
509,Emmit,Grigorey,egrigoreye4@amazonaws.com,Male,226.83.32.225
510,Christos,Bonome,cbonomee5@over-blog.com,Male,204.13.102.205
511,Lorne,Shackle,lshacklee6@hao123.com,Female,79.129.81.203
512,Christan,Flatte,cflattee7@disqus.com,Female,189.15.141.49
513,Carney,Stivani,cstivanie8@aol.com,Male,111.55.116.36
514,Malissia,Drain,mdraine9@topsy.com,Female,98.116.7.59
515,Audry,De Clairmont,adeclairmontea@fotki.com,Female,184.15.160.129
516,Jocelyne,McNickle,jmcnickleeb@usgs.gov,Female,126.155.175.138
517,Fredelia,Klaassens,fklaassensec@hao123.com,Female,119.205.1.117
518,Carce,Lovekin,clovekined@digg.com,Male,170.199.126.74
519,Beltran,Davis,bdavisee@yahoo.com,Male,51.128.183.0
520,Verile,Megany,vmeganyef@sciencedaily.com,Female,129.177.107.70
521,Pet,Veld,pveldeg@google.es,Female,59.223.233.241
522,Keith,Sollime,ksollimeeh@photobucket.com,Male,115.91.12.36
523,June,Bumphrey,jbumphreyei@wikispaces.com,Female,90.253.61.101
524,Bart,De Moreno,bdemorenoej@cloudflare.com,Male,156.237.56.12
525,Morten,MattiCCI,mmatticciek@feedburner.com,Male,84.76.181.197
526,Wildon,Leyfield,wleyfieldel@time.com,Male,222.33.165.237
527,Gardener,Hearn,ghearnem@mtv.com,Male,90.43.169.136
528,Lorant,Pate,lpateen@nymag.com,Male,167.110.173.124
529,Ann-marie,Joddins,ajoddinseo@wiley.com,Female,7.110.129.7
530,Scot,Kundt,skundtep@whitehouse.gov,Genderqueer,127.97.161.204
531,Gaye,Fawdery,gfawderyeq@pinterest.com,Female,138.129.50.16
532,Quinn,Brownlie,qbrownlieer@pagesperso-orange.fr,Male,50.166.147.205
533,Marwin,Heppner,mheppneres@ifeng.com,Male,235.157.18.15
534,Chaim,Mackinder,cmackinderet@goodreads.com,Male,159.198.111.7
535,Nadiya,Calverd,ncalverdeu@fc2.com,Female,85.30.47.237
536,Rafferty,Erett,rerettev@squarespace.com,Male,19.90.67.155
537,Noak,Crammy,ncrammyew@hubpages.com,Male,50.214.202.179
538,Brucie,Delue,bdelueex@huffingtonpost.com,Male,124.163.168.177
539,Thor,Tomini,ttominiey@t-online.de,Male,71.168.122.83
540,Markos,Studeart,mstudeartez@guardian.co.uk,Male,156.151.108.137
541,Niel,Toseland,ntoselandf0@qq.com,Male,80.233.50.64
542,Lesley,Wallsworth,lwallsworthf1@chronoengine.com,Female,52.208.55.113
543,Koren,Halahan,khalahanf2@spiegel.de,Female,72.157.23.75
544,Lela,Gostick,lgostickf3@thetimes.co.uk,Female,222.159.104.193
545,Moises,Helwig,mhelwigf4@drupal.org,Agender,89.31.114.143
546,Christie,Peres,cperesf5@networkadvertising.org,Male,225.5.82.107
547,Donaugh,Vallentin,dvallentinf6@com.com,Male,119.10.140.203
548,Cheslie,Jakubowicz,cjakubowiczf7@hatena.ne.jp,Female,229.156.79.13
549,Garfield,Leipnik,gleipnikf8@mac.com,Male,43.156.181.158
550,Corey,Abercrombie,cabercrombief9@fastcompany.com,Male,148.93.89.143
551,Melinda,Harome,mharomefa@senate.gov,Female,167.197.26.210
552,Tabor,Wheatley,twheatleyfb@cyberchimps.com,Male,43.235.171.249
553,Jeanelle,Matousek,jmatousekfc@cisco.com,Female,154.127.108.130
554,Fifi,Boustead,fbousteadfd@ask.com,Female,141.162.78.47
555,Ibby,Vamplus,ivamplusfe@w3.org,Female,69.129.141.57
556,Rutger,Chillistone,rchillistoneff@plala.or.jp,Male,223.115.164.68
557,Odey,Cawley,ocawleyfg@moonfruit.com,Male,236.245.13.158
558,Averil,Rivlin,arivlinfh@unc.edu,Male,171.80.2.250
559,Min,Birtles,mbirtlesfi@cbsnews.com,Female,42.52.222.172
560,Sibylle,Sutherley,ssutherleyfj@geocities.com,Genderqueer,250.66.151.61
561,Ulrica,Niset,unisetfk@instagram.com,Female,83.125.183.221
562,Ebonee,Wards,ewardsfl@opera.com,Female,161.218.22.166
563,Leah,Befroy,lbefroyfm@si.edu,Female,134.241.8.123
564,Laney,Spores,lsporesfn@hubpages.com,Female,186.163.207.70
565,Natty,Shivlin,nshivlinfo@digg.com,Female,247.237.10.4
566,Coop,Bankhurst,cbankhurstfp@washingtonpost.com,Male,70.243.48.208
567,Edythe,Putley,eputleyfq@zimbio.com,Female,61.119.38.88
568,Latashia,Gilardone,lgilardonefr@com.com,Genderfluid,230.209.141.228
569,Vergil,Izkovitch,vizkovitchfs@amazonaws.com,Male,144.107.125.73
570,Meade,Phillipson,mphillipsonft@biblegateway.com,Non-binary,45.243.19.20
571,Aggie,Bearns,abearnsfu@census.gov,Genderfluid,180.24.35.0
572,Alfi,O' Donohue,aodonohuefv@cyberchimps.com,Female,13.158.93.28
573,Jeanie,Peppett,jpeppettfw@bbb.org,Female,90.238.64.88
574,Franchot,Reijmers,freijmersfx@home.pl,Male,218.104.144.52
575,Beltran,Warlawe,bwarlawefy@webmd.com,Male,15.58.154.48
576,Imojean,Hof,ihoffz@diigo.com,Non-binary,5.71.7.55
577,Susanne,McMorland,smcmorlandg0@slideshare.net,Female,227.164.46.234
578,Marianne,Bazire,mbazireg1@unicef.org,Agender,199.243.65.147
579,Sarge,Prangle,sprangleg2@cmu.edu,Genderfluid,21.175.45.150
580,Casar,Dorney,cdorneyg3@nyu.edu,Male,21.67.215.103
581,Brendan,Ravenscraft,bravenscraftg4@soup.io,Male,224.187.35.180
582,Man,Gonthard,mgonthardg5@blog.com,Male,161.175.5.44
583,Livvy,Ferrulli,lferrullig6@reverbnation.com,Female,177.226.64.22
584,Sheree,Pietasch,spietaschg7@dropbox.com,Female,178.234.95.91
585,Nicoline,Buterton,nbutertong8@globo.com,Female,9.135.49.212
586,Dewain,Trickey,dtrickeyg9@si.edu,Male,198.109.112.57
587,Asia,Cluer,acluerga@networkadvertising.org,Female,169.123.54.148
588,Timothy,Brockelsby,tbrockelsbygb@usatoday.com,Male,205.252.98.197
589,Jasen,Kellet,jkelletgc@pbs.org,Non-binary,3.19.67.63
590,Stafford,Loutheane,sloutheanegd@i2i.jp,Male,55.34.50.34
591,Corri,Iglesia,ciglesiage@list-manage.com,Female,66.204.26.236
592,Cecilio,Gother,cgothergf@berkeley.edu,Male,147.38.158.110
593,De witt,Buney,dbuneygg@ifeng.com,Male,221.7.98.21
594,Jillane,Clarke-Williams,jclarkewilliamsgh@studiopress.com,Female,130.192.211.174
595,Alphard,Coomes,acoomesgi@smugmug.com,Agender,113.188.179.145
596,Vivia,Cardall,vcardallgj@imageshack.us,Female,214.11.112.233
597,Willey,Coldham,wcoldhamgk@amazon.co.jp,Male,218.151.197.30
598,Lila,Knoller,lknollergl@goo.gl,Female,41.29.128.92
599,Murielle,Danielkiewicz,mdanielkiewiczgm@webmd.com,Female,149.17.204.46
600,Carissa,Celle,ccellegn@cafepress.com,Agender,248.78.12.201
601,Paule,Pettis,ppettisgo@indiegogo.com,Female,116.132.141.128
602,Dusty,Bent,dbentgp@netscape.com,Female,223.9.10.124
603,Madeleine,Strippel,mstrippelgq@ycombinator.com,Female,34.97.63.206
604,Poul,Londors,plondorsgr@mashable.com,Male,98.4.235.34
605,Sibeal,Hethron,shethrongs@infoseek.co.jp,Female,252.172.83.145
606,Lyndsey,Pavlov,lpavlovgt@boston.com,Female,157.138.104.143
607,Earlie,Carrivick,ecarrivickgu@bloomberg.com,Male,249.22.195.234
608,Jimmy,Rugieri,jrugierigv@zimbio.com,Male,222.20.135.186
609,Giffer,Court,gcourtgw@uol.com.br,Male,241.109.172.231
610,Salmon,Allchorn,sallchorngx@wp.com,Male,10.194.156.200
611,Wittie,Genthner,wgenthnergy@live.com,Male,94.178.119.20
612,Inger,Callaway,icallawaygz@nyu.edu,Female,37.254.77.220
613,Concettina,Currell,ccurrellh0@friendfeed.com,Female,1.253.25.110
614,Lazar,Churly,lchurlyh1@fastcompany.com,Male,185.229.11.75
615,Ursala,Tampen,utampenh2@youku.com,Female,181.29.76.93
616,Edeline,O'Cahey,eocaheyh3@apple.com,Female,174.226.139.243
617,Bear,Wisham,bwishamh4@craigslist.org,Male,173.104.2.80
618,Jessica,Pryer,jpryerh5@google.com,Female,202.67.30.19
619,Melessa,Mathison,mmathisonh6@discovery.com,Female,197.22.40.164
620,Meta,Entwistle,mentwistleh7@wix.com,Female,73.179.128.174
621,Randy,Beinke,rbeinkeh8@lycos.com,Male,76.243.138.232
622,Hilton,Bernli,hbernlih9@digg.com,Genderfluid,85.31.59.133
623,Ethan,Wiszniewski,ewiszniewskiha@virginia.edu,Male,162.27.214.112
624,Blinny,MacKnockiter,bmacknockiterhb@delicious.com,Female,168.117.164.149
625,Dante,Pena,dpenahc@w3.org,Male,8.143.209.15
626,Jocelin,Fosdyke,jfosdykehd@cafepress.com,Female,218.166.134.183
627,Sherilyn,Tunsley,stunsleyhe@tripadvisor.com,Female,170.159.90.129
628,Booth,Piffe,bpiffehf@over-blog.com,Male,202.248.178.122
629,Clotilda,Child,cchildhg@timesonline.co.uk,Female,29.1.155.87
630,Any,Farmar,afarmarhh@delicious.com,Male,29.226.229.3
631,Jerri,Vreiberg,jvreiberghi@networkadvertising.org,Male,105.144.248.124
632,Egor,Gask,egaskhj@icio.us,Male,220.255.158.170
633,Kristos,Roomes,kroomeshk@chicagotribune.com,Male,214.152.107.59
634,Wini,Dalzell,wdalzellhl@cbsnews.com,Female,115.90.252.83
635,Loy,Dowrey,ldowreyhm@npr.org,Male,203.249.91.72
636,Zollie,Milnes,zmilneshn@hostgator.com,Male,243.178.214.59
637,Dorree,Redley,dredleyho@bravesites.com,Female,46.119.107.219
638,Jacinta,Sturdey,jsturdeyhp@earthlink.net,Female,8.144.232.52
639,Ellary,Janak,ejanakhq@apple.com,Male,108.93.69.23
640,Adriaens,Flescher,aflescherhr@ftc.gov,Female,125.144.233.144
641,Gustaf,Manklow,gmanklowhs@dagondesign.com,Male,200.227.165.8
642,Fifi,Benedetti,fbenedettiht@wikia.com,Female,58.172.247.172
643,Sheila,Ferrieroi,sferrieroihu@hostgator.com,Female,50.224.191.111
644,Klara,McGaffey,kmcgaffeyhv@trellian.com,Female,141.63.251.141
645,Francois,Twizell,ftwizellhw@webeden.co.uk,Male,184.27.146.26
646,Caz,Hallick,challickhx@t.co,Male,56.215.134.231
647,Petrina,Lineham,plinehamhy@reddit.com,Agender,236.149.35.188
648,Lindy,Harries,lharrieshz@admin.ch,Female,167.244.250.30
649,Sofia,Ungerecht,sungerechti0@hc360.com,Female,66.1.156.210
650,Natividad,Benthall,nbenthalli1@rambler.ru,Female,170.182.107.100
651,Ogdan,Hebble,ohebblei2@woothemes.com,Male,173.90.141.210
652,Rickert,Athey,ratheyi3@sciencedirect.com,Male,207.210.195.51
653,Brandea,Pearmine,bpearminei4@mayoclinic.com,Female,71.155.63.173
654,Nikita,McCreary,nmccrearyi5@alibaba.com,Male,47.115.83.39
655,Job,Somerton,jsomertoni6@jigsy.com,Male,147.179.36.103
656,Hobie,Ather,hatheri7@wikispaces.com,Male,197.39.145.43
657,Sande,Grazier,sgrazieri8@google.com,Female,47.189.161.37
658,Jorry,Lermouth,jlermouthi9@last.fm,Female,233.104.253.209
659,Honor,Vogl,hvoglia@a8.net,Female,161.32.227.37
660,Sonja,MacPhaden,smacphadenib@zimbio.com,Non-binary,43.239.81.9
661,Pincus,Withey,pwitheyic@aol.com,Male,29.45.98.164
662,Tommie,Vlasyev,tvlasyevid@creativecommons.org,Male,163.82.160.245
663,Ingrim,Thorbon,ithorbonie@ucla.edu,Male,132.184.247.150
664,Melicent,Cuff,mcuffif@woothemes.com,Female,234.68.125.233
665,Dud,Lindwall,dlindwallig@purevolume.com,Male,66.144.80.29
666,Teresina,Hansod,thansodih@indiatimes.com,Female,100.81.82.148
667,Lazare,Diehn,ldiehnii@techcrunch.com,Male,125.8.184.24
668,Robb,Scutcheon,rscutcheonij@imageshack.us,Male,173.127.163.147
669,Colver,Perry,cperryik@theatlantic.com,Male,2.27.137.96
670,Darline,Pottinger,dpottingeril@earthlink.net,Female,88.6.74.179
671,Ervin,Rickell,erickellim@epa.gov,Male,109.75.230.155
672,Lillian,Treneer,ltreneerin@networkadvertising.org,Female,153.69.110.165
673,Tracie,Dukes,tdukesio@parallels.com,Male,74.245.160.10
674,Dilan,Purkiss,dpurkissip@ehow.com,Male,2.179.40.160
675,Hildy,Skelhorn,hskelhorniq@biblegateway.com,Female,96.36.186.180
676,Ermin,Douch,edouchir@xing.com,Male,232.84.154.2
677,Ian,Richley,irichleyis@photobucket.com,Male,30.179.53.148
678,Helaine,Frizell,hfrizellit@state.tx.us,Female,130.219.166.37
679,Jennee,Claybourn,jclaybourniu@newyorker.com,Female,248.33.247.24
680,Sarena,Champion,schampioniv@dailymotion.com,Female,222.32.244.72
681,Dieter,Tourry,dtourryiw@hao123.com,Male,231.208.28.112
682,Kora,McKerlie,kmckerlieix@bigcartel.com,Female,156.34.132.70
683,Thacher,Spurier,tspurieriy@t-online.de,Male,18.253.187.57
684,Pebrook,Bearns,pbearnsiz@shop-pro.jp,Male,160.119.209.64
685,Babbette,Wogan,bwoganj0@webeden.co.uk,Genderfluid,251.56.15.89
686,Meir,Riccelli,mriccellij1@wisc.edu,Male,190.144.221.235
687,Addy,Haddinton,ahaddintonj2@alexa.com,Female,221.246.168.21
688,Filberto,Segebrecht,fsegebrechtj3@wufoo.com,Male,164.65.109.212
689,Shay,Daborne,sdabornej4@scientificamerican.com,Male,124.173.177.159
690,Eugenie,Castano,ecastanoj5@arstechnica.com,Bigender,204.54.20.142
691,Pearla,Colley,pcolleyj6@skyrock.com,Female,186.74.48.76
692,Karia,Milne,kmilnej7@gravatar.com,Female,187.163.23.113
693,Trish,Gaucher,tgaucherj8@goo.gl,Female,135.174.182.217
694,Joscelin,Issett,jissettj9@engadget.com,Genderqueer,18.46.50.136
695,Darrelle,Major,dmajorja@gov.uk,Bigender,189.111.84.167
696,Shadow,Antic,santicjb@slashdot.org,Male,27.18.164.166
697,Katee,Gresly,kgreslyjc@ovh.net,Female,69.222.207.220
698,Sheffield,Sebire,ssebirejd@springer.com,Male,5.67.146.171
699,Merrill,Bedingfield,mbedingfieldje@prnewswire.com,Male,144.74.208.101
700,Monique,Gaythor,mgaythorjf@umn.edu,Female,141.136.126.234
701,Vivien,Jurczak,vjurczakjg@scientificamerican.com,Female,67.169.155.231
702,Kerby,Rushmer,krushmerjh@usgs.gov,Male,44.66.102.30
703,Stephannie,Hofner,shofnerji@msn.com,Female,129.56.159.140
704,Luciana,Hovard,lhovardjj@phpbb.com,Female,150.232.87.145
705,Amalia,Peiro,apeirojk@netlog.com,Female,157.250.168.132
706,Lonnie,Leeuwerink,lleeuwerinkjl@cpanel.net,Male,235.113.163.220
707,Neville,Slesser,nslesserjm@ameblo.jp,Male,7.173.104.7
708,Deeanne,Aldington,daldingtonjn@sciencedaily.com,Female,133.233.183.70
709,Colman,Dalgliesh,cdalglieshjo@nhs.uk,Male,208.233.149.169
710,Merna,Rallings,mrallingsjp@dell.com,Female,142.139.234.130
711,Dannel,Gorstidge,dgorstidgejq@ox.ac.uk,Male,149.140.18.57
712,Garreth,Tregian,gtregianjr@mail.ru,Male,79.243.36.187
713,Forest,Clemes,fclemesjs@ucsd.edu,Bigender,117.98.74.134
714,Jaquith,Noor,jnoorjt@shop-pro.jp,Female,89.125.246.219
715,Mariann,Weeden,mweedenju@google.com.hk,Female,122.222.104.64
716,Allianora,Seefus,aseefusjv@cargocollective.com,Female,59.214.162.177
717,Boote,Greggs,bgreggsjw@youtube.com,Male,200.199.246.159
718,Alvie,Joe,ajoejx@biblegateway.com,Male,26.252.29.234
719,Enrique,Worland,eworlandjy@ucoz.com,Male,132.50.164.12
720,Agathe,Padkin,apadkinjz@bandcamp.com,Female,149.157.166.175
721,Gaynor,Braxton,gbraxtonk0@yale.edu,Female,13.101.215.94
722,Amandy,Hammond,ahammondk1@chron.com,Agender,217.164.181.200
723,Nettie,Cantos,ncantosk2@army.mil,Female,31.247.251.121
724,Juliane,Ivashinnikov,jivashinnikovk3@mashable.com,Female,74.26.196.194
725,Drud,Cristoforetti,dcristoforettik4@simplemachines.org,Male,148.93.43.153
726,Elaina,Marsay,emarsayk5@wikipedia.org,Female,65.59.91.5
727,Marnia,Dickman,mdickmank6@linkedin.com,Female,155.219.113.168
728,Lexy,Hylden,lhyldenk7@msn.com,Female,10.145.187.200
729,Ainslee,Jerke,ajerkek8@wordpress.org,Female,120.193.0.186
730,Franni,Lynthal,flynthalk9@1688.com,Female,163.174.55.41
731,Garrek,Stolworthy,gstolworthyka@fc2.com,Male,146.42.174.136
732,Mathilde,O'Moylan,momoylankb@dion.ne.jp,Female,56.255.185.6
733,Bibi,Bembridge,bbembridgekc@patch.com,Female,173.250.126.23
734,My,Errichiello,merrichiellokd@squidoo.com,Male,124.223.77.218
735,Sinclair,Reichardt,sreichardtke@purevolume.com,Male,57.252.53.145
736,Emlyn,Yuryev,eyuryevkf@pagesperso-orange.fr,Agender,81.170.46.249
737,Gawen,Solon,gsolonkg@columbia.edu,Male,16.102.203.38
738,Clarisse,Gabala,cgabalakh@google.it,Female,212.228.245.218
739,Salli,Kitman,skitmanki@china.com.cn,Female,217.146.107.106
740,Adaline,Vannuccinii,avannucciniikj@google.de,Bigender,234.125.7.29
741,Andra,Mordon,amordonkk@hubpages.com,Female,239.185.190.150
742,Laurene,Peal,lpealkl@nps.gov,Female,177.181.115.199
743,Meredithe,Boorne,mboornekm@sogou.com,Female,176.107.104.12
744,Petrina,Daykin,pdaykinkn@uiuc.edu,Female,180.188.58.2
745,Antonella,Neil,aneilko@vinaora.com,Female,26.109.211.59
746,Aveline,Erat,aeratkp@bravesites.com,Female,128.155.98.177
747,Rebeca,Henighan,rhenighankq@a8.net,Female,44.14.19.71
748,Ralf,Tomblett,rtomblettkr@japanpost.jp,Male,138.176.156.219
749,Kit,Allbut,kallbutks@tamu.edu,Female,60.253.184.8
750,Abelard,Rackam,arackamkt@posterous.com,Male,31.182.196.199
751,Tomasine,Reedie,treedieku@wikispaces.com,Female,63.204.173.150
752,Emmalyn,Scirman,escirmankv@wordpress.org,Female,234.169.9.172
753,Pip,Gilbanks,pgilbankskw@bluehost.com,Male,92.57.178.159
754,Kerr,Jankiewicz,kjankiewiczkx@google.it,Male,159.78.58.225
755,Patrice,Chucks,pchucksky@archive.org,Male,243.77.50.103
756,Tedie,Plowman,tplowmankz@mediafire.com,Male,87.185.47.178
757,Celia,MacCardle,cmaccardlel0@icio.us,Female,116.173.190.247
758,Felipe,Steynor,fsteynorl1@de.vu,Male,131.85.246.3
759,Zerk,Hruska,zhruskal2@bloglines.com,Polygender,11.233.125.47
760,Romona,Giottini,rgiottinil3@w3.org,Female,141.19.204.8
761,Laryssa,Theobold,ltheoboldl4@parallels.com,Female,61.117.86.15
762,Pooh,Graveson,pgravesonl5@msu.edu,Female,138.223.97.136
763,Farrell,Abrami,fabramil6@rakuten.co.jp,Male,169.10.162.77
764,Meier,Blackader,mblackaderl7@unblog.fr,Male,78.101.44.164
765,Jackie,Gobbet,jgobbetl8@usda.gov,Male,74.83.230.109
766,Jorie,Shearman,jshearmanl9@aol.com,Female,161.25.172.166
767,Gordon,Allchorn,gallchornla@networkadvertising.org,Male,100.41.146.255
768,Heidi,Sandbach,hsandbachlb@ycombinator.com,Female,251.25.156.225
769,Blaine,Dellow,bdellowlc@boston.com,Male,202.196.247.240
770,Lisbeth,Hankey,lhankeyld@shareasale.com,Female,23.247.160.111
771,Mayer,Dickerson,mdickersonle@umich.edu,Male,200.49.101.217
772,Vassili,Linton,vlintonlf@google.es,Male,215.255.187.128
773,Paloma,Boleyn,pboleynlg@about.me,Female,67.158.83.33
774,Raddy,Kivits,rkivitslh@arizona.edu,Male,186.206.230.249
775,Phil,Wapol,pwapolli@ycombinator.com,Agender,100.2.253.182
776,Stacee,Stiggles,sstiggleslj@ebay.com,Female,116.233.64.247
777,Gregoor,Coburn,gcoburnlk@shinystat.com,Male,235.112.33.251
778,Siffre,Ghirigori,sghirigorill@buzzfeed.com,Male,189.231.158.145
779,Daune,Simoens,dsimoenslm@macromedia.com,Agender,93.170.139.60
780,Cazzie,Blezard,cblezardln@domainmarket.com,Male,255.114.234.255
781,Lanni,Napleton,lnapletonlo@mtv.com,Female,19.94.61.57
782,Bendix,O'Fallon,bofallonlp@cnn.com,Male,159.25.250.114
783,Katey,Ebbing,kebbinglq@guardian.co.uk,Genderqueer,10.94.127.100
784,Kristos,Giacomelli,kgiacomellilr@joomla.org,Male,51.212.142.134
785,Marisa,Levin,mlevinls@wired.com,Female,254.196.19.178
786,Odette,Wyllis,owyllislt@tripadvisor.com,Female,238.255.14.35
787,Lorrie,Rowell,lrowelllu@bbc.co.uk,Female,188.22.240.60
788,Lonee,Primmer,lprimmerlv@google.com.au,Female,33.53.245.17
789,Fedora,Ough,foughlw@nyu.edu,Female,148.11.71.163
790,Jamey,Doggett,jdoggettlx@ocn.ne.jp,Male,147.235.12.13
791,Holden,Fisbey,hfisbeyly@acquirethisname.com,Male,45.199.197.180
792,Mirna,Orehead,moreheadlz@yahoo.co.jp,Female,21.206.123.107
793,Ettore,Cunde,ecundem0@clickbank.net,Male,190.129.105.147
794,Sonny,Huett,shuettm1@europa.eu,Female,163.75.236.22
795,Wendye,Estevez,westevezm2@w3.org,Female,139.26.148.153
796,Melania,Bleythin,mbleythinm3@dell.com,Female,221.201.113.138
797,Dietrich,Govey,dgoveym4@wiley.com,Male,155.170.134.58
798,Devinne,Lukehurst,dlukehurstm5@sphinn.com,Female,204.151.24.153
799,Wenona,Goscomb,wgoscombm6@mozilla.org,Female,197.55.239.253
800,Ebonee,Penfold,epenfoldm7@cdbaby.com,Female,121.233.8.1
801,Gail,McKeating,gmckeatingm8@bbc.co.uk,Male,74.49.106.143
802,Honey,Donke,hdonkem9@blogtalkradio.com,Female,83.165.60.69
803,Erina,Topp,etoppma@bloglines.com,Female,205.125.34.232
804,Crosby,Coull,ccoullmb@mapquest.com,Male,218.184.138.31
805,Caril,Lorryman,clorrymanmc@ucla.edu,Female,163.34.113.204
806,Myrna,Hischke,mhischkemd@gmpg.org,Female,110.146.211.171
807,Ephraim,Connett,econnettme@accuweather.com,Male,167.86.111.102
808,Lyman,Gothup,lgothupmf@1und1.de,Male,65.100.162.214
809,Harper,Pococke,hpocockemg@unicef.org,Male,197.201.194.243
810,Brant,Oleksiak,boleksiakmh@xrea.com,Male,238.79.249.40
811,Chickie,Petticrew,cpetticrewmi@shop-pro.jp,Female,106.46.71.222
812,Way,Wigin,wwiginmj@jugem.jp,Male,14.190.14.220
813,Henrieta,Boylan,hboylanmk@oaic.gov.au,Female,0.237.141.112
814,Boycey,Joselevitz,bjoselevitzml@zdnet.com,Genderfluid,189.223.45.74
815,Dulsea,Swinden,dswindenmm@newsvine.com,Female,249.222.243.142
816,Enrico,Shutler,eshutlermn@washingtonpost.com,Male,236.243.160.134
817,Martina,Musto,mmustomo@ox.ac.uk,Female,16.197.103.226
818,Guilbert,Geere,ggeeremp@eventbrite.com,Male,7.29.44.225
819,Alleen,Benois,abenoismq@behance.net,Female,158.71.195.166
820,Agatha,Birtchnell,abirtchnellmr@1688.com,Female,71.184.164.110
821,Cy,Sennett,csennettms@canalblog.com,Male,235.20.103.251
822,Patrice,Horder,phordermt@furl.net,Male,241.59.233.182
823,Nathanil,Boliver,nbolivermu@spotify.com,Male,186.236.135.35
824,Ada,Penright,apenrightmv@indiegogo.com,Female,154.164.222.60
825,Trumann,Sheriff,tsheriffmw@sakura.ne.jp,Non-binary,181.16.45.61
826,Raffarty,Surfleet,rsurfleetmx@w3.org,Male,173.111.178.93
827,Livvy,Kondratowicz,lkondratowiczmy@wiley.com,Female,195.253.54.117
828,Oby,Ogborn,oogbornmz@list-manage.com,Agender,234.63.99.69
829,Cindi,Eilhertsen,ceilhertsenn0@cdc.gov,Female,25.160.198.22
830,Jere,Stitwell,jstitwelln1@smugmug.com,Male,106.133.15.2
831,Berty,MacFayden,bmacfaydenn2@icq.com,Female,210.144.115.117
832,Teodorico,Feron,tferonn3@123-reg.co.uk,Agender,48.214.83.0
833,Wilmar,Castagnier,wcastagniern4@sciencedirect.com,Male,242.201.6.179
834,Raleigh,Bault,rbaultn5@amazon.de,Male,210.227.117.90
835,Seymour,Kopta,skoptan6@ycombinator.com,Male,62.85.83.121
836,Shara,Gard,sgardn7@psu.edu,Female,255.226.181.102
837,Cad,Brum,cbrumn8@rambler.ru,Male,56.251.241.178
838,Derron,Kirkbright,dkirkbrightn9@ebay.com,Male,1.128.137.200
839,Hieronymus,McEvoy,hmcevoyna@dailymail.co.uk,Bigender,231.241.34.204
840,Consalve,Schoular,cschoularnb@vinaora.com,Male,80.244.16.54
841,Akim,Clamp,aclampnc@behance.net,Male,19.159.7.105
842,Elly,Rysdale,erysdalend@slideshare.net,Female,168.236.131.105
843,Huntley,Jorez,hjorezne@java.com,Male,103.147.94.219
844,Frederik,Scarsbrook,fscarsbrooknf@amazonaws.com,Genderqueer,0.1.36.167
845,Rona,Wigelsworth,rwigelsworthng@privacy.gov.au,Female,7.139.25.116
846,Mar,Thorndycraft,mthorndycraftnh@boston.com,Male,172.76.250.134
847,Brigitta,Ventum,bventumni@jigsy.com,Female,112.236.47.35
848,Johnette,Dyte,jdytenj@ustream.tv,Female,105.96.201.240
849,Les,Lorne,llornenk@reverbnation.com,Male,238.19.113.39
850,Margret,Mc Carroll,mmccarrollnl@creativecommons.org,Agender,140.171.199.219
851,Burch,Mulhall,bmulhallnm@arizona.edu,Male,215.78.24.145
852,Ernst,Neagle,eneaglenn@springer.com,Bigender,254.88.199.216
853,Marinna,Scrivner,mscrivnerno@mapquest.com,Female,139.145.206.177
854,Lise,Agostini,lagostininp@simplemachines.org,Polygender,161.146.115.48
855,Fremont,Harrhy,fharrhynq@twitpic.com,Male,204.191.138.226
856,Noach,Ceschini,nceschininr@pinterest.com,Male,92.149.13.6
857,Boigie,Bottomer,bbottomerns@huffingtonpost.com,Male,5.152.28.193
858,Dania,Duffie,dduffient@multiply.com,Female,53.138.17.246
859,Leo,Dilon,ldilonnu@miibeian.gov.cn,Male,168.43.61.221
860,Burton,Szantho,bszanthonv@umich.edu,Male,38.229.54.210
861,Dody,Yokley,dyokleynw@salon.com,Female,205.44.168.86
862,Cassy,Dunston,cdunstonnx@smh.com.au,Female,82.112.140.91
863,Shirlee,De Bernardi,sdebernardiny@globo.com,Female,58.164.248.246
864,Roxi,Candy,rcandynz@icio.us,Female,69.180.26.162
865,Tades,Mateo,tmateoo0@home.pl,Male,50.167.188.83
866,Anne-marie,Penticost,apenticosto1@bbc.co.uk,Female,91.43.193.87
867,Wilow,Kayzer,wkayzero2@hatena.ne.jp,Female,217.76.227.71
868,Linzy,Oley,loleyo3@cafepress.com,Genderfluid,216.26.108.72
869,Brock,La Padula,blapadulao4@cdbaby.com,Male,231.232.255.11
870,Prescott,Grunnell,pgrunnello5@constantcontact.com,Male,109.55.20.195
871,Wilbert,Bachman,wbachmano6@twitpic.com,Male,71.217.252.36
872,Dall,Breitling,dbreitlingo7@buzzfeed.com,Genderqueer,123.248.199.240
873,Christalle,Oakes,coakeso8@twitpic.com,Female,171.204.168.230
874,Imogen,Ibeson,iibesono9@businesswire.com,Female,107.245.158.49
875,Hieronymus,Crocken,hcrockenoa@cyberchimps.com,Male,129.99.24.174
876,Budd,Kynston,bkynstonob@studiopress.com,Male,114.250.31.26
877,Loria,Trevon,ltrevonoc@liveinternet.ru,Female,237.114.197.151
878,Cherise,Aldwick,caldwickod@latimes.com,Female,226.221.44.61
879,Simon,Louisot,slouisotoe@rakuten.co.jp,Male,106.2.216.117
880,Wendye,Biaggi,wbiaggiof@timesonline.co.uk,Female,222.57.235.129
881,Adan,Haggus,ahaggusog@google.co.jp,Male,7.248.176.208
882,Haywood,Collcott,hcollcottoh@ucoz.com,Male,33.49.114.26
883,Tomasina,Harmeston,tharmestonoi@chicagotribune.com,Female,160.75.233.80
884,Dianna,Batte,dbatteoj@sourceforge.net,Female,34.252.144.22
885,Desiree,Blunderfield,dblunderfieldok@usnews.com,Female,213.98.73.148
886,Kellen,Hold,kholdol@spotify.com,Male,0.42.242.126
887,Angil,Spraggon,aspraggonom@wordpress.com,Bigender,145.244.198.198
888,Hollis,Piscopello,hpiscopelloon@domainmarket.com,Male,45.98.246.94
889,Ruthe,Govern,rgovernoo@sitemeter.com,Female,182.89.121.142
890,Chalmers,Dougill,cdougillop@scientificamerican.com,Genderqueer,195.61.170.186
891,Lothario,Glencross,lglencrossoq@prnewswire.com,Male,199.235.23.202
892,Enos,Nare,enareor@imgur.com,Male,54.57.210.71
893,Lisha,Kemme,lkemmeos@ca.gov,Female,197.50.100.36
894,Fran,Faustin,ffaustinot@naver.com,Male,28.153.241.239
895,Rip,Philipart,rphilipartou@google.cn,Male,94.45.195.169
896,Audy,Biasotti,abiasottiov@cdbaby.com,Female,159.41.45.19
897,Slade,Bernardez,sbernardezow@sitemeter.com,Male,26.210.46.162
898,Benedetto,Reinger,breingerox@youtu.be,Male,192.49.160.24
899,De,Raiment,draimentoy@free.fr,Female,72.64.166.186
900,Lynne,Skaife,lskaifeoz@un.org,Female,177.221.48.4
901,Skipp,Rzehorz,srzehorzp0@issuu.com,Male,59.206.15.22
902,Alameda,Hryniewicki,ahryniewickip1@slideshare.net,Female,223.27.220.235
903,Darcie,Krzyzowski,dkrzyzowskip2@fotki.com,Female,147.50.80.189
904,Dorena,Wolseley,dwolseleyp3@moonfruit.com,Female,61.44.206.29
905,Anna-maria,Greaser,agreaserp4@symantec.com,Female,127.104.109.152
906,Durand,Lissett,dlissettp5@abc.net.au,Male,98.207.52.46
907,Danna,Duckering,dduckeringp6@redcross.org,Non-binary,9.102.243.122
908,Genna,Chevalier,gchevalierp7@hhs.gov,Female,136.95.201.140
909,Gianina,Healings,ghealingsp8@cdbaby.com,Female,25.136.163.11
910,Bo,Gardner,bgardnerp9@marriott.com,Male,31.229.129.255
911,Perice,Irdale,pirdalepa@wp.com,Male,183.163.217.195
912,Glendon,Simeoni,gsimeonipb@goodreads.com,Male,58.155.246.238
913,Alis,Gilfether,agilfetherpc@1und1.de,Female,36.115.189.14
914,Chris,Beartup,cbeartuppd@imdb.com,Male,31.72.14.181
915,Blanche,Voice,bvoicepe@admin.ch,Female,82.254.32.178
916,Maryl,Wheaton,mwheatonpf@tinypic.com,Female,215.73.149.103
917,Robby,MacCleay,rmaccleaypg@xing.com,Female,194.168.5.203
918,Phip,McWard,pmcwardph@yolasite.com,Male,213.253.200.131
919,Fee,McManamen,fmcmanamenpi@csmonitor.com,Male,58.243.43.203
920,Bonny,Sawyer,bsawyerpj@cafepress.com,Genderqueer,184.72.239.237
921,Berni,Palphreyman,bpalphreymanpk@jimdo.com,Female,152.128.174.12
922,Lusa,Uzielli,luziellipl@ft.com,Female,29.199.89.139
923,Kelly,Creek,kcreekpm@nifty.com,Female,4.2.228.197
924,Ewart,Scholcroft,escholcroftpn@harvard.edu,Male,23.27.39.17
925,Fin,Washbrook,fwashbrookpo@abc.net.au,Male,37.89.0.37
926,Abbe,Sorrel,asorrelpp@geocities.jp,Male,154.249.38.24
927,Trstram,Skones,tskonespq@google.cn,Male,36.194.242.27
928,Sapphire,Tucknott,stucknottpr@studiopress.com,Polygender,240.151.91.140
929,Meredith,Jewis,mjewisps@google.cn,Female,111.120.176.115
930,Gaultiero,Impey,gimpeypt@dagondesign.com,Non-binary,152.202.207.100
931,Nathaniel,Eburah,neburahpu@rakuten.co.jp,Male,49.143.236.65
932,Nicolai,Lappin,nlappinpv@histats.com,Male,109.59.178.85
933,Lydon,Gibbin,lgibbinpw@amazon.de,Male,53.50.52.243
934,Valdemar,MacCardle,vmaccardlepx@nymag.com,Male,177.12.54.92
935,Trista,Dumbreck,tdumbreckpy@yellowpages.com,Female,29.7.204.127
936,Andrew,Deelay,adeelaypz@huffingtonpost.com,Male,113.234.104.85
937,Milli,Buckam,mbuckamq0@studiopress.com,Female,60.65.165.131
938,Will,Izkovicz,wizkoviczq1@businessweek.com,Male,0.30.53.216
939,Eda,Lyall,elyallq2@photobucket.com,Female,40.82.195.173
940,Marthena,Tabord,mtabordq3@princeton.edu,Female,199.213.12.208
941,Leoine,Twining,ltwiningq4@sfgate.com,Bigender,180.115.241.45
942,Rudolph,Tayt,rtaytq5@people.com.cn,Male,206.128.156.236
943,Bayard,Reckus,breckusq6@zimbio.com,Male,109.249.51.207
944,Fara,Phelip,fphelipq7@timesonline.co.uk,Female,62.176.88.146
945,Reinaldos,Colbran,rcolbranq8@fema.gov,Male,141.76.65.20
946,Chase,Hartridge,chartridgeq9@imdb.com,Male,158.95.134.118
947,Aggie,Gunther,aguntherqa@amazon.co.jp,Genderqueer,14.127.55.36
948,Burt,Bedminster,bbedminsterqb@cocolog-nifty.com,Male,222.233.245.249
949,Regan,Kares,rkaresqc@netscape.com,Female,207.202.125.37
950,Tally,Grinnell,tgrinnellqd@ow.ly,Male,3.76.23.185
951,Conrado,Brayshaw,cbrayshawqe@cpanel.net,Male,130.80.144.44
952,Barnebas,Deener,bdeenerqf@jiathis.com,Male,110.253.187.143
953,Dorothee,Tunbridge,dtunbridgeqg@woothemes.com,Female,231.233.40.165
954,Koralle,Harrod,kharrodqh@pinterest.com,Female,9.157.103.39
955,Selestina,Finci,sfinciqi@apache.org,Female,96.170.167.193
956,Henderson,Cadwell,hcadwellqj@forbes.com,Male,197.30.140.5
957,Holt,Telfer,htelferqk@canalblog.com,Male,90.48.71.195
958,Barnaby,Ghiraldi,bghiraldiql@wikispaces.com,Male,195.43.135.115
959,Enrica,Crowther,ecrowtherqm@ucsd.edu,Female,235.189.1.144
960,Janeen,Etchingham,jetchinghamqn@google.ru,Female,185.65.166.164
961,Cyrill,Dwelley,cdwelleyqo@weibo.com,Male,117.47.29.229
962,Jenilee,Newitt,jnewittqp@ifeng.com,Female,124.114.44.117
963,Peria,Berendsen,pberendsenqq@prnewswire.com,Genderqueer,214.74.237.83
964,Meade,Orr,morrqr@facebook.com,Male,213.197.161.76
965,Essie,Igounet,eigounetqs@hatena.ne.jp,Female,161.169.221.233
966,Pacorro,Clausner,pclausnerqt@networkadvertising.org,Male,109.30.125.181
967,Winnifred,Van Giffen,wvangiffenqu@google.ca,Agender,46.25.44.200
968,Roldan,Hammett,rhammettqv@ucoz.ru,Male,237.145.96.25
969,Nelia,Turville,nturvilleqw@ftc.gov,Female,196.55.30.130
970,Anselm,Apted,aaptedqx@wunderground.com,Male,196.59.96.24
971,Ella,Vasyaev,evasyaevqy@flickr.com,Female,124.81.230.131
972,Tess,Fishbourn,tfishbournqz@nydailynews.com,Female,134.20.187.52
973,Megan,Moylan,mmoylanr0@tripadvisor.com,Female,185.37.83.119
974,Clea,Kinnin,ckinninr1@ucsd.edu,Female,155.30.66.39
975,Nessie,Mackness,nmacknessr2@pcworld.com,Female,236.232.202.138
976,Ogdon,Wray,owrayr3@mashable.com,Male,134.240.231.92
977,Serene,Pierce,spiercer4@techcrunch.com,Female,147.221.66.207
978,Donnamarie,Hamfleet,dhamfleetr5@abc.net.au,Female,198.163.67.85
979,Gabriele,Lyttle,glyttler6@wp.com,Male,138.176.225.149
980,Townsend,Culpen,tculpenr7@ed.gov,Male,94.163.117.8
981,Vanda,Swait,vswaitr8@arizona.edu,Female,47.72.68.23
982,Beatrix,Hovey,bhoveyr9@histats.com,Genderfluid,150.45.3.169
983,Gannon,Valencia,gvalenciara@buzzfeed.com,Male,63.174.61.245
984,Jakie,Penchen,jpenchenrb@apple.com,Male,95.191.35.248
985,Doria,Dubble,ddubblerc@time.com,Female,158.212.111.229
986,Ondrea,Erdes,oerdesrd@purevolume.com,Female,109.224.231.0
987,Tessie,Walliker,twallikerre@naver.com,Female,52.52.1.55
988,Sutton,Attwoul,sattwoulrf@tmall.com,Male,251.125.39.6
989,Geoff,Sayton,gsaytonrg@mediafire.com,Male,187.210.255.32
990,Ilyssa,Birkmyre,ibirkmyrerh@java.com,Female,13.162.231.36
991,Theodor,Curzey,tcurzeyri@tuttocitta.it,Genderfluid,0.199.165.101
992,Rahel,Joul,rjoulrj@jalbum.net,Genderqueer,111.206.247.22
993,Boony,Gergely,bgergelyrk@alibaba.com,Male,135.123.247.194
994,Lynett,Barstowk,lbarstowkrl@delicious.com,Female,55.39.9.238
995,Karilynn,Stallibrass,kstallibrassrm@reference.com,Female,8.104.60.134
996,George,Cadney,gcadneyrn@ftc.gov,Male,119.181.255.164
997,Sandro,Huntall,shuntallro@blogspot.com,Male,222.83.27.26
998,Jermaine,Muddimer,jmuddimerrp@mysql.com,Male,145.210.131.223
999,Serene,Searston,ssearstonrq@boston.com,Female,52.8.12.63
1000,Cristie,Redmell,credmellrr@theatlantic.com,Female,176.48.155.78
